dataset,model,type,validation.rouge1,validation.rouge2,validation.rougeL,validation.rougeLsum,validation.bertscore_f1,validation.bertscore_precision,validation.bertscore_recall,test.rouge1,test.rouge2,test.rougeL,test.rougeLsum,test.bertscore_f1,test.bertscore_precision,test.bertscore_recall,test.total_time
xsum,opt-125m,grouped beam search,0.2928164378505669,0.09170247629181873,0.24143242249492813,0.24268585614637256,0.8863585223169888,0.8954281947192024,0.877722713877173,0.3053150702214157,0.10231359565083037,0.24419039627376782,0.24417187840605636,0.88138844652662,0.8925532240022733,0.8708401051655557,3970.746139526367
xsum,opt-125m,beam search top-k sampling,0.2966771805092441,0.09797107704203306,0.24184479343317017,0.24352205088282486,0.8854448865441715,0.8930005764260012,0.8782581984996796,0.3008149270107431,0.10148162767547085,0.2418240364836426,0.2417753347512156,0.8795033204324038,0.8895014362659269,0.8701171535022051,1760.1450679302216
xsum,opt-125m,beam search,0.29862875750320883,0.09447440889885445,0.24189908340420874,0.24289351024853106,0.8847456305634742,0.8929894963900248,0.8769314487775167,0.3037227725927599,0.10262864971764707,0.24319771520510652,0.2432089256325543,0.8814951823753061,0.8927723808948276,0.8708514992704669,3950.780125141144
xsum,opt-125m,beam search multinomial sampling,0.2915744080535716,0.0908901197037954,0.23217764305418973,0.23382530930790552,0.8832667306357739,0.8905686221870721,0.876358231493071,0.3007115369623835,0.10098043034279416,0.24155634806763787,0.24154403366797672,0.8795668547535406,0.8899197262409821,0.8698480584783461,2756.5736191272736
xsum,opt-125m,greedy decoding,0.2856300632595391,0.08463714171994839,0.22791029362785203,0.2293194528184031,0.8820889931099087,0.8873844696026222,0.8771114600639717,0.3007381569983473,0.09552521883956355,0.2380062918982863,0.2379944769226928,0.8777458559251526,0.8851365680139042,0.8708528728450387,577.2207663059235
xsum,opt-125m,contrastive search,0.2772372856926521,0.074945710798998,0.22150712601862832,0.2230810645420227,0.8801450589123894,0.885926379292619,0.8746850268513549,0.2951451590573152,0.08910469201965945,0.2326976504507779,0.23270912330741364,0.8762491275037376,0.8834459996512792,0.869540067830132,1615.2321124076843
xsum,opt-125m,multinomial sampling,0.2684534337663572,0.06464244254561213,0.206195346419408,0.20709049586999978,0.8760101935442757,0.878500739733378,0.8738238840710884,0.2755538559994532,0.07473020880944886,0.2139235784125485,0.21395464768259917,0.8716059235693182,0.8764888941605115,0.8671281789518097,1131.7140774726868
xsum,opt-125m,top-k sampling,0.26522974045885284,0.06607559354718381,0.20758511053677756,0.20812849199004885,0.8752494448540258,0.8785365153761471,0.8722095618060991,0.27054407923799234,0.07072817846790763,0.2086861743458791,0.20871623965572755,0.870635348269083,0.8752088465447565,0.8664543153128578,1136.3999435901642
xsum,opt-125m,top-p nucleus top-k sampling,0.2544073390897603,0.060342705261975146,0.19740273051593582,0.19760113296483328,0.8734682289993062,0.8754247853568956,0.8718241155147552,0.2669635956293971,0.06877287126835421,0.2050815078429602,0.2051431952005843,0.8705864566275217,0.8750704456475175,0.8664742973475781,635.8790106773376
xsum,opt-125m,top-p nucleus multinomial sampling,0.26026829586806366,0.0641689651659406,0.1954350968265767,0.19566663934849865,0.8724048815521539,0.8735017081101736,0.8716022156032861,0.26231421584237435,0.06391230085136788,0.20201442112475404,0.20208415305299543,0.8682725457022491,0.8722314747039555,0.8646878660708955,1186.2675330638885
xsum,opt-125m,truncation multinomial sampling,0.25393558298152086,0.057281595436483486,0.19712443722821638,0.19712890681612993,0.8690939130736333,0.8697197787901935,0.868685735206978,0.2585799794799939,0.06305619054474235,0.1985142274701681,0.1985207535597588,0.8675808077124716,0.8708624928263785,0.864658397638682,1189.9747388362885
xsum,opt-350m,beam search multinomial sampling,0.32100545295100247,0.10900487538754232,0.25963206994379284,0.2594651345892387,0.8909878391845554,0.900583614321316,0.8818978550387364,0.3239139688388307,0.11634769219194094,0.26088779294684095,0.26077419535376734,0.8867013473476021,0.8979292844915853,0.8760943527592039,8886.562768697739
xsum,opt-350m,grouped beam search,0.32112711562018087,0.10947589306054259,0.25682360652225905,0.25672521780648755,0.8902333191796845,0.8970587516532225,0.8837551778438044,0.3310878576059772,0.11986389624611553,0.26499207655429013,0.26493147125524696,0.8865660230337995,0.8952596089735771,0.8783939465735723,6932.331344127655
xsum,opt-350m,beam search,0.31294566211470776,0.10761403742095496,0.25289494544125635,0.25332659189835643,0.8897219761913898,0.8972749546462414,0.8825405993882347,0.3261867293433469,0.12142841655424969,0.26371225226480854,0.2637155350613915,0.8872702523226876,0.8976519262211994,0.8774746645538553,8638.131442546844
xsum,opt-350m,beam search top-k sampling,0.3088569737178242,0.0996229804988497,0.2468065413794,0.246812608248597,0.8883786183946273,0.8946226922904744,0.8824601179244471,0.32039806577485663,0.11102245213194725,0.25641353365642106,0.2562884726397672,0.8852130303625921,0.8936888217694551,0.877233795789839,4145.70534324646
xsum,opt-350m,contrastive search,0.3118840235872746,0.09849087799034922,0.24594890746492956,0.24534503997358953,0.8854945448099398,0.8904197572493086,0.8808998372040543,0.31955599010096136,0.10661950865056698,0.25277885472285966,0.25277452249509824,0.8825297323882001,0.8885470659293018,0.87695718691187,4039.2399141788483
xsum,opt-350m,greedy decoding,0.31045639621692944,0.09750137999521852,0.24266836188580623,0.24233436677587245,0.8848589956760406,0.8890291201133355,0.8809867688253814,0.31999799479421964,0.10661124553163603,0.25295802426168956,0.2529432564166041,0.8825337842830177,0.8885271133265449,0.8769881920096944,2377.0566322803497
xsum,opt-350m,top-p nucleus top-k sampling,0.30850922221041205,0.08998736943030715,0.23637636585727229,0.23621509511885375,0.8829451600710551,0.8859707181360207,0.88018653030489,0.3085088813628486,0.09785512044698225,0.24048600044988927,0.24045975780537399,0.8807303478359019,0.8859012351799938,0.8759603688728462,2083.081022500992
xsum,opt-350m,multinomial sampling,0.2931903050139967,0.08400157617176474,0.22797041061100773,0.22777197869578128,0.882533452090095,0.884423567383897,0.8808893590581184,0.29843032647215817,0.09140135908775203,0.2331237781591151,0.2331349295769734,0.8783929655968564,0.882696247228141,0.8744768192987997,2592.7935967445374
xsum,opt-350m,truncation multinomial sampling,0.2850405123717641,0.07624607893496649,0.22026940637361547,0.22092456037325253,0.8808143156416276,0.8839079270175859,0.8779739568046495,0.29752927789094413,0.08991644263012397,0.23077689054610667,0.23079072685793278,0.8783929154652994,0.8826175332821689,0.8745391457115562,2583.2758495807648
xsum,opt-350m,top-p nucleus multinomial sampling,0.2845943905765084,0.07804634913458525,0.22488986163476976,0.22418858679244863,0.8798680182765511,0.8815876198749916,0.8785031385281507,0.29303166969535943,0.08479768617358333,0.2285528188958285,0.22856292780266113,0.876426682964112,0.8806011169859507,0.8726388431868507,2475.702011346817
xsum,opt-350m,top-k sampling,0.26536586587645333,0.07774040896736373,0.2029612899778931,0.20296561164536742,0.8769554302972906,0.8761362351623236,0.8780660728613535,0.26335958039738316,0.06736257479116062,0.20145480646926434,0.201440143468329,0.869948426757044,0.8712640740512644,0.8689657103147321,2560.954545736313
xsum,opt-1.3b,beam search,0.38147348371868045,0.15672673854516656,0.3079071005382059,0.3064204923115255,0.9031276381483265,0.9103041729506325,0.8963195132274254,0.3811652164218837,0.16504759980894185,0.3115999253864775,0.31158344736574817,0.8988003770182433,0.9079591880608531,0.8901595597070397,10792.098149061203
xsum,opt-1.3b,grouped beam search,0.3752099205208005,0.15490270507754944,0.31449496022487583,0.3135651759843068,0.9026310268570396,0.909093288229961,0.8965176267951143,0.3789694601185444,0.16101426618106834,0.30868031396856577,0.3086592517252704,0.8991357969138228,0.9081086061591084,0.8906535722561253,15893.76622056961
xsum,opt-1.3b,beam search multinomial sampling,0.37734418600528896,0.15465453921862654,0.30799279435128846,0.30679109163416707,0.9022637021307852,0.9101570038234487,0.8947922826982012,0.3748274625256305,0.15869577177701266,0.3069348385205295,0.3068612803405958,0.8980598208452891,0.9077269612122508,0.8889218422510091,11216.845520973206
xsum,opt-1.3b,beam search top-k sampling,0.3630778650303492,0.1409811868292598,0.29139260907276804,0.2908032127068135,0.9012615908594692,0.9087643582446903,0.8941263889565187,0.37733089433733663,0.15942790261938058,0.3075077959909154,0.30740523870974856,0.8979774429960158,0.9067788835925963,0.8896793043902776,8969.183004140854
xsum,opt-1.3b,contrastive search,0.3664516803787828,0.1421752748993685,0.29749550043316614,0.29654170210150976,0.8988318005028892,0.9031975923800001,0.8947825490259657,0.38114462622581236,0.16038501447293604,0.3084212470103084,0.30829926206166036,0.897084601318952,0.9029627824639811,0.8916278231375426,8963.810534715652
xsum,opt-1.3b,greedy decoding,0.36820654368498723,0.14383159657037103,0.2979955385642953,0.29766180599957326,0.8976950546105703,0.9008995674404443,0.8948000874005112,0.38131877537510095,0.16031746907149047,0.30800475496109425,0.30792577805427496,0.8971357759688664,0.9029965163550331,0.8916969624885077,3634.9450783729553
xsum,opt-1.3b,top-p nucleus top-k sampling,0.3328514094146463,0.11582762334899803,0.2665847958614501,0.2655578875088621,0.8931422367984173,0.8956496201309503,0.89090257006533,0.36000973226336785,0.13931587904565232,0.2866184189815745,0.28656688763594285,0.8932413432493951,0.8978404994670627,0.8890254435087871,4304.9597427845
xsum,opt-1.3b,multinomial sampling,0.3338763518959045,0.12460924109000976,0.2764581108570941,0.2767038573682218,0.8920887808005015,0.8925969594833898,0.8918173494292241,0.3465452963538988,0.12843242224840618,0.2741374073628511,0.27416896587317663,0.8903485407470499,0.8938720710705785,0.8871783483607097,4183.3490471839905
xsum,opt-1.3b,top-p nucleus multinomial sampling,0.33259747325425815,0.11129770074726841,0.26508540752909715,0.2630631259720946,0.8914080770576701,0.8936513615589515,0.8894205666055867,0.35019672033264937,0.13219974081122066,0.2782164146732024,0.2781495574717176,0.8915441277362768,0.8953980908752646,0.8880519452662143,3923.5354483127594
xsum,opt-1.3b,top-k sampling,0.27571825146720585,0.08117618565487575,0.21546147235435387,0.2151349591541046,0.8844041362697003,0.8824439598064796,0.8866401408232895,0.2650517488689925,0.08076481066489867,0.20944139408428297,0.20945290553900453,0.879668549142995,0.8796174202729198,0.8800112985523002,3951.7764625549316
xsum,opt-1.3b,truncation multinomial sampling,0.30155591975758145,0.08981789662018551,0.22453090740808507,0.22424174002453276,0.8841996420832241,0.8827577952076407,0.885917581763922,0.3055314041842647,0.0973541276752086,0.23825977644256022,0.2382312522486792,0.8813702984052955,0.8820507754805018,0.8810151491581815,4457.758587598801
xsum,opt-2.7b,beam search top-k sampling,0.4137047819324935,0.18029424538747219,0.3374898103234055,0.3361824384551226,0.9096288634281532,0.9171487864326028,0.9024758520079594,0.408370928923464,0.19248507672110288,0.3382065244154228,0.33809430972723553,0.9048814433870964,0.9130592007602303,0.8971671136143138,14552.224692821503
xsum,opt-2.7b,beam search multinomial sampling,0.3976651760202754,0.16807934428972895,0.32015299711257234,0.31875632583141744,0.9091557673379487,0.9175618641516742,0.9011807155375388,0.40784502162427005,0.19281829971734715,0.3390370871503657,0.3389178694345193,0.9046666053429391,0.9135005225487126,0.8963296402715942,18297.452439308167
xsum,opt-2.7b,grouped beam search,0.40900088585285194,0.17955932332955582,0.33446927176014585,0.33255377297138333,0.9084863773747986,0.9144499781084996,0.9028279985867295,0.40642887279038536,0.18734966353981805,0.3362720549586583,0.3362391999285883,0.9048074036373676,0.9131670337047392,0.8968933791037902,40494.35109233856
xsum,opt-2.7b,beam search,0.39943592300355724,0.17414717065109572,0.3234641694265069,0.32115894130012224,0.9080788452251285,0.9137439184329089,0.9027835814391866,0.41138211969176486,0.19180313217295397,0.3392463651914373,0.3391482966867876,0.9046761274222032,0.911706126372791,0.8980675581358012,9752.022119522095
xsum,opt-2.7b,contrastive search,0.4002461485247013,0.16923185606367105,0.31728941110257614,0.3155116791355491,0.9054666956265768,0.9090387698482064,0.9021716129546072,0.40551818297833975,0.18419773841938286,0.3321781667485205,0.3320254056566351,0.9029853252820599,0.9086507509229252,0.8976925392289764,9548.114402532578
xsum,opt-2.7b,greedy decoding,0.39307414791911904,0.16571877844847727,0.31288109003492914,0.3117553468004789,0.9037069573121912,0.9070910601054921,0.9006067420922074,0.4065421604541819,0.1849847782844879,0.3325786328452708,0.332426847691249,0.9030375585046787,0.9086570406538769,0.8977943103695378,4963.021343231201
xsum,opt-2.7b,top-p nucleus top-k sampling,0.36704672465174526,0.14575292647925162,0.3002618917887095,0.29938450635358993,0.9002806649488562,0.9034629481680253,0.8973598626314425,0.38311578400086804,0.16185835332178242,0.30925052819018983,0.3092144543378923,0.8989064764282079,0.9033218001161964,0.8948439924172985,5664.026836633682
xsum,opt-2.7b,multinomial sampling,0.3611728582619428,0.13555543256680377,0.28534283081032247,0.28396370425064743,0.8988568607498618,0.9011579822091496,0.8967638933191112,0.3714404209898985,0.15188032190227535,0.29887450439775165,0.2989681868992567,0.8963052381473837,0.8998210537780835,0.8931282157284542,5556.089319944382
xsum,opt-2.7b,top-k sampling,0.3567218128408379,0.13336426732734125,0.2823413539545869,0.2811403500785159,0.8984931356766644,0.9009025488414016,0.8962989443657445,0.3729414460175565,0.1532602397228986,0.299960188707173,0.29998250514597874,0.8964246441091148,0.8998338168454402,0.8933457157970632,5605.745182514191
xsum,opt-2.7b,top-p nucleus multinomial sampling,0.3572313446596218,0.13310846128509612,0.28563976856785345,0.2847985248609596,0.8982571264108022,0.9005986545600143,0.8960895333804336,0.3753099629100285,0.15552437716104933,0.3018850707130425,0.30198444550439774,0.8975365301590521,0.901460898697955,0.8939525960834281,5317.7947909832
xsum,opt-2.7b,truncation multinomial sampling,0.3425562060750229,0.12155409963900088,0.2701965129139297,0.26934485621267235,0.8955892908806894,0.8970384288067911,0.8943541610942167,0.3626334751438673,0.14205043852575455,0.2886414509813886,0.2884969879998911,0.8940161737018418,0.8969682387645962,0.8913924090839127,5669.826585292816
xsum,opt-6.7b,beam search multinomial sampling,0.4166506494998058,0.18807047133075183,0.3404816265078894,0.3396437735475908,0.9099847539967182,0.9157895913311079,0.9044777172453263,0.4135123153383144,0.19623899513697654,0.3440307784398582,0.34404903632452044,0.9060188538472629,0.9149352680537307,0.8975743563661297,26566.454258441925
xsum,opt-6.7b,grouped beam search,0.4254671743950966,0.19429780716855422,0.33954146275040287,0.3394963353993722,0.9096493569074893,0.913633744506275,0.9059638714089113,0.42685952853301834,0.20954242188499284,0.35547539097550607,0.3554382274425662,0.9077642100991554,0.9152512341911353,0.9007225233490027,19912.022548675537
xsum,opt-6.7b,beam search,0.4246205411058679,0.1874671848203507,0.3383157365808144,0.33797895258004357,0.909270679249483,0.912985037354862,0.9058063211394292,0.424142442903121,0.20407771380146833,0.35013334015771924,0.35014819263426,0.9070455813407898,0.9138738485042331,0.9006313276348762,12692.860207080841
xsum,opt-6.7b,beam search top-k sampling,0.39962777146932765,0.16924030756988168,0.3284570311652686,0.3280784055195176,0.9053419466112175,0.9108376736734428,0.900163438390283,0.42123486524668796,0.20237567431788195,0.3497718739397729,0.3498092978558961,0.907124200463295,0.9157987160416483,0.8989261933379961,26808.589342832565
xsum,opt-6.7b,greedy decoding,0.3995764502705266,0.1683591809591829,0.321630896370628,0.3212975107229644,0.9048822130642685,0.9072809061583351,0.9027278417465734,0.4198949077542411,0.19832314380366156,0.3448770605493944,0.34482679606461497,0.9056288527979434,0.9109598277957695,0.9006700148975965,7045.190665960312
xsum,opt-6.7b,contrastive search,0.4066190270295514,0.17055075709172535,0.3313364063160278,0.33133678531159766,0.9046323620805553,0.9066545729543648,0.9028708286145154,0.4124455223563612,0.19097074415003118,0.33897840782059235,0.33898334841735944,0.9034393585769875,0.9081785900500214,0.8990593597263966,40365.53131532669
xsum,opt-6.7b,top-p nucleus top-k sampling,0.3741203463221079,0.14356492773062896,0.2948843073788782,0.2936315371088435,0.9022289695692998,0.9046233115242976,0.9000976874547846,0.3995044438139671,0.17746608920540433,0.32368739339172303,0.3236900814068985,0.9021622381453375,0.9064323752366223,0.8982289735726939,7564.561765432358
xsum,opt-6.7b,multinomial sampling,0.3593938372858666,0.1423435574348652,0.2859957476331474,0.28368452979796654,0.9002743316631691,0.901528644211152,0.8992434652412639,0.381862765355765,0.16119298313756797,0.3063999978338665,0.30637326237109774,0.898509170835458,0.9016099213222856,0.8957334093445714,7410.0433983802795
xsum,opt-6.7b,truncation multinomial sampling,0.37758608955329287,0.15590792572436674,0.3014342434730697,0.30003242422749077,0.900023394355587,0.9001413081206527,0.9002411634314293,0.3772974965772318,0.15631337831463482,0.30291190380240207,0.30285300716182784,0.8976061858887812,0.9004784101826473,0.8950672134323028,7914.857361316681
xsum,opt-6.7b,top-k sampling,0.36916399636342134,0.1467771259125053,0.2980035456116735,0.29638926916906516,0.8965814785630095,0.8964341154285506,0.8970114863386341,0.3739585079454718,0.15149255148056295,0.299180686632645,0.2992173274954032,0.8964320522141688,0.8989312561796707,0.8942487338735062,7824.376697301865
xsum,opt-6.7b,top-p nucleus multinomial sampling,0.3402044465807388,0.12336181208200794,0.2686056519780744,0.26755218198382,0.8950412437027576,0.8957125234837625,0.8946335672163496,0.36089747111199943,0.14044209114412412,0.2867486360182384,0.28671502915723013,0.8937286124588216,0.8956225012344065,0.8921398301263458,8267.45243024826
xsum,opt-13b,beam search top-k sampling,0.4218423427704893,0.19230589644748278,0.3450361295281853,0.3471928655470514,0.9122391793073392,0.9198346950259864,0.9050125988090739,0.4053918380059718,0.19058602860517465,0.33710303122797103,0.3371280798820201,0.9044293777225088,0.9135748592626701,0.8958044800306987,32583.125504493713
xsum,opt-13b,beam search,0.41011913663886285,0.1915646530398906,0.33849109505127567,0.3416885433534629,0.9100714962856442,0.9183005088684606,0.902257326186872,0.40822824337237107,0.19300174885210447,0.3379603157915606,0.3379790282789328,0.9046360571349709,0.9134676721142334,0.8963141297946856,33303.626244306564
xsum,opt-13b,beam search multinomial sampling,0.4134166169105242,0.18684048410345577,0.34133487552417285,0.342839376686075,0.9098568804123822,0.9168207855785594,0.9032779289226905,0.40122559861596396,0.18536891579003845,0.3307926778911616,0.33083468410258055,0.9018958058635008,0.9085142212643207,0.8958290536021724,24076.970784902573
xsum,opt-13b,contrastive search,0.41602554515731005,0.18113528855095729,0.33654211015616814,0.3382937404574953,0.9095613301969042,0.9142372000451181,0.9051781606440451,0.40322450997970777,0.18271184658945064,0.3302089010474824,0.33016014511670555,0.9019256033017797,0.9076455674703838,0.8966328594522569,19889.959124803543
xsum,opt-13b,grouped beam search,0.41824076394664655,0.18531362139970609,0.3404003344838772,0.34224043196702797,0.909498101940342,0.9141018419873481,0.905252133514367,0.4046659302970772,0.18585679954949774,0.33242803756474143,0.332368248933436,0.9028822587936828,0.9087542089559499,0.8974381534625026,29279.409379005432
xsum,opt-13b,greedy decoding,0.415014511608308,0.18483362312530352,0.3380398843456785,0.33936392283875105,0.9092638182873819,0.9139532113776487,0.9048848824173796,0.40343175456666425,0.18240157638854246,0.3299331941993642,0.3299288738675704,0.9019124033728849,0.9075232609961796,0.8967286104947618,10871.153652191162
xsum,opt-13b,truncation multinomial sampling,0.37652315088229743,0.14544218819687368,0.2982597369398235,0.30016117517143487,0.9026240875907973,0.9040368170130486,0.9014606113527336,0.37489823775004516,0.15549313523895078,0.30098209951605365,0.3010783219976048,0.8972363265625481,0.9011859026869524,0.8936545031394774,11014.726324558258
xsum,opt-13b,top-p nucleus top-k sampling,0.3713078953962613,0.1429986246208959,0.30292066991865707,0.303826715207726,0.90128200135979,0.9038562061739903,0.8989648743003023,0.3812564587661228,0.16072394124384248,0.30757328687262653,0.307608178861863,0.8975468167691555,0.9017190686128672,0.8937666839476928,11515.981798648834
xsum,opt-13b,top-p nucleus multinomial sampling,0.36343181539896074,0.13793419920871752,0.2910814991622661,0.293140602666948,0.8974524169575935,0.8988215660347658,0.896363157267664,0.3658293265946941,0.14710872700240085,0.2925139412655867,0.29268016911026395,0.8951233040939257,0.8984497143574132,0.8921581061083136,11703.492933273315
xsum,opt-13b,multinomial sampling,0.3466420958585007,0.11568540472279604,0.27654480654731095,0.2772153327809,0.8963464545268639,0.895631645824395,0.8972695878907746,0.3403488832649565,0.12704308516626478,0.26950288660091504,0.26948572413932836,0.8890331715576857,0.8903492268022982,0.888067941723518,11832.777601480484
xsum,opt-13b,top-k sampling,0.30957262302132527,0.10421265687503535,0.2368789762258108,0.2372503694002575,0.8884677156513813,0.886740018339718,0.8904914131351546,0.3241776122127198,0.113661195222136,0.25390753508805947,0.25397687381513323,0.8855136691366584,0.8858604873557693,0.8855105192626564,12151.819279193878
xsum,opt-30b,beam search top-k sampling,0.4110131164543894,0.183277484890312,0.3406157721614136,0.34196355601830264,0.9087548998056674,0.9155990493063834,0.9022852854401457,0.4181636794281268,0.20125725533658828,0.34804119844596204,0.3481190101040301,0.90642899494148,0.915734184343838,0.8976528926555393,71607.64268112183
xsum,opt-30b,beam search,0.40485010734652305,0.17322106338702797,0.33248700287635596,0.3332243048029463,0.9076679997584399,0.9123428761959076,0.9032902460472256,0.4190195686338251,0.19923772583502475,0.3457668577268843,0.34571173352129914,0.9060227718110223,0.9132974453227034,0.8992110961733513,39964.094544649124
xsum,opt-30b,beam search multinomial sampling,0.4014979943172063,0.1700515152465834,0.32718612378916484,0.328219148334596,0.9074287028873668,0.9138831139779559,0.901374337719936,0.4161254367337689,0.19952454449163576,0.34580602182452624,0.345788716276589,0.9054946929679334,0.9138843692332795,0.8976306713726914,74636.83913135529
xsum,opt-30b,grouped beam search,0.4005220992331125,0.17323228362211052,0.33053024807424203,0.3326019261022982,0.9073685623851477,0.9141999021464703,0.9009200042369319,0.4122825209117221,0.19308316237901155,0.3389378526528104,0.3390694640780042,0.9054786257836425,0.9145901604647775,0.8968751073693766,59338.830770492554
xsum,opt-30b,contrastive search,0.3918274200876429,0.1612650365422258,0.31752898113228606,0.3174303846279197,0.9052215171795265,0.9093952085457596,0.901363714652903,0.4150438788833455,0.19341542610283868,0.341119473095551,0.34118471504960635,0.9045553902746404,0.9102927589416504,0.8992340439326555,39967.72083711624
xsum,opt-30b,greedy decoding,0.37918821239751443,0.15029239536319108,0.3095207876257591,0.30993490563582304,0.9014271579536737,0.9045004435614044,0.8986516740976596,0.40452431298287495,0.18200148525704773,0.3310811675773476,0.33110512866011876,0.9020971218185517,0.9071780193951523,0.8974262558893092,25231.205899477005
xsum,opt-30b,top-p nucleus top-k sampling,0.372232114758273,0.15029860819281093,0.2989902188083911,0.2991830709171655,0.8994493449435514,0.9015243404051837,0.8976441978239545,0.38787862095945114,0.16530299801012246,0.31349578760716457,0.31348191576695006,0.898979300578821,0.9028877866268158,0.8954593383918689,25894.46219420433
xsum,opt-30b,top-p nucleus multinomial sampling,0.360210977152305,0.13547727435477197,0.2826873598157773,0.28320016268071846,0.8979049085402021,0.8997687440292508,0.8963568181383843,0.38533240788742684,0.16487991959995557,0.3104597073664759,0.31047827949429313,0.8991182336645219,0.9028190309793046,0.89578761049266,25799.300146102905
xsum,opt-30b,truncation multinomial sampling,0.3532269223376469,0.13396767104796592,0.2891745752441552,0.29019256405505583,0.8975763513761408,0.9004104739310694,0.8949663311827416,0.3745121277200151,0.15522934693438944,0.30081801277360076,0.30080985698466256,0.8968816222901483,0.900135755718333,0.8939890437334487,26449.12166237831
xsum,opt-30b,multinomial sampling,0.33258685771097596,0.12139268364868716,0.2628642952285759,0.2641787975572856,0.8932073326671824,0.8927106448248321,0.8939926408085168,0.3523707074760316,0.13507350060467432,0.27944807886481005,0.2794841423611556,0.8915214050221212,0.892972956293995,0.8904140672463815,27001.152683258057
xsum,opt-30b,top-k sampling,0.3269634206249714,0.10291946483030791,0.24963227707444813,0.25072227709798944,0.8923046448651482,0.891395744155435,0.893460354384254,0.3324970443518181,0.11900527819683845,0.26125903385558535,0.2613625927536738,0.8873825978711971,0.8875063785418723,0.8875922715374567,27860.003226041794
cnn_dailymail,opt-125m,beam search top-k sampling,0.3806289737411327,0.17679800979550564,0.2813869044232781,0.35633712800189266,0.8726265847042043,0.8825067922633182,0.8633165436406289,0.3460011763268853,0.1541190711843174,0.25168142806028315,0.32165867434306394,0.8656783809738264,0.8764194247495518,0.8556628877968286,2611.119255065918
cnn_dailymail,opt-125m,beam search multinomial sampling,0.3541913144411418,0.16407617174488193,0.2661064878805095,0.3312349927030233,0.8680894291529091,0.8811314330306105,0.8559620989266262,0.3394851263966243,0.1510314026382717,0.24862336401394391,0.31530410207206927,0.8655303926682171,0.8778574521318666,0.8540362543151918,3288.106297492981
cnn_dailymail,opt-125m,beam search,0.3421097999613025,0.126837626211196,0.23401357378762438,0.3162135734204511,0.8678530589226754,0.8842377874159044,0.8524697993391304,0.3249428797912075,0.11518530134871896,0.22423694161755686,0.30489554818073783,0.8632886064471881,0.8785535065488234,0.8489198058951795,4104.521579504013
cnn_dailymail,opt-125m,greedy decoding,0.3740462164874032,0.16112198915721238,0.2745453559147054,0.3495949872050166,0.8676678435776823,0.8751026731665417,0.8606755906535734,0.3511893739927528,0.14578209508067058,0.24956092680575864,0.32890183190369787,0.8638027076548697,0.8714146887365248,0.8566704743241829,614.4852056503296
cnn_dailymail,opt-125m,contrastive search,0.37433096163458,0.15858178452485056,0.2651996806005107,0.3520002858690049,0.8675238195286002,0.8704066923869553,0.8650036736201214,0.3535469487627862,0.14482698987785006,0.24704537332716536,0.3308632084371761,0.8644894928072104,0.8682250823242254,0.8611677505149608,4272.109804868698
cnn_dailymail,opt-125m,grouped beam search,0.3410586654890633,0.12793601981819847,0.23418033035256908,0.31432317692362244,0.8673532701307728,0.8843442099068755,0.851402223110199,0.32324464649640205,0.11428470031785168,0.22396620495517766,0.30333995872233827,0.8628326583705448,0.8787430707019744,0.8478462240889637,4900.030903100967
cnn_dailymail,opt-125m,top-p nucleus top-k sampling,0.33247062663032934,0.1096046745485296,0.21843826635714836,0.3118313107126166,0.8601065380598909,0.8657843323164088,0.8548054624629277,0.32673775900485985,0.10481974282009766,0.21405816678464276,0.30578002384990133,0.8589621101426667,0.8660792948113677,0.8522811638262919,2367.13697886467
cnn_dailymail,opt-125m,top-k sampling,0.31503705642570806,0.08882548010146876,0.20487012512941333,0.2981761329699387,0.8579707786601077,0.8657030309400251,0.8506960984199278,0.3128210959790127,0.08802158298464488,0.1996168820487335,0.29164954974793467,0.8556830736644457,0.8626884612754792,0.8491064955884098,2300.502773284912
cnn_dailymail,opt-125m,multinomial sampling,0.30700721276145604,0.08223440062905712,0.20181483876120745,0.28544752225483794,0.8550569177955709,0.8669782979514009,0.8437572640757407,0.3035536882814648,0.08353702708381147,0.19733180554075924,0.28238123077347754,0.8537587117590733,0.8640446671109755,0.843990983429115,1198.0274667739868
cnn_dailymail,opt-125m,top-p nucleus multinomial sampling,0.28442865373808807,0.08058531671654738,0.18461713774116423,0.26564375409515634,0.8549096340774208,0.8599698972958391,0.8501042967201561,0.27630760608926497,0.07777689986464587,0.18080306361987086,0.25801909487456853,0.8540893478109446,0.8599363969150958,0.8485970881140744,1092.4902868270874
cnn_dailymail,opt-125m,truncation multinomial sampling,0.29521118034377425,0.0698748211188128,0.18693324604026745,0.2756037340290073,0.8518858443024337,0.8619361962041547,0.8423861188273276,0.2888301555668989,0.06491951907000304,0.18317994001266608,0.2670795059143244,0.8503588115651194,0.8609124998050155,0.8403229558776744,1123.677723646164
cnn_dailymail,opt-350m,grouped beam search,0.380018351245952,0.1724048359614683,0.2781042094097935,0.3553906056187538,0.8714680626828183,0.877078495358908,0.8663230141003927,0.3724299918797146,0.1681588504463426,0.26534228444311325,0.34698421732448775,0.8695516876381141,0.8748545609214068,0.8647936983436201,10528.370593309402
cnn_dailymail,opt-350m,beam search top-k sampling,0.3746157353902365,0.16995684016998797,0.2736939940176225,0.3470934701961929,0.8708867033322653,0.8835369201116664,0.8590031759713286,0.3524404242624396,0.16013031766806274,0.2573954168973167,0.3283262470130959,0.8678475196078925,0.8791542044866516,0.8573057409639366,9340.851718187332
cnn_dailymail,opt-350m,beam search,0.3387180571264266,0.11546412299949302,0.23421555927637744,0.3193068789862012,0.8705829676761422,0.8875054697836599,0.8546733003790661,0.32349103194852585,0.10563992947826265,0.21946414377463846,0.30163313673129777,0.8659713352438296,0.8825644984354527,0.8503053745648667,14229.941174030304
cnn_dailymail,opt-350m,beam search multinomial sampling,0.3310445035696069,0.11999180800598949,0.2353642028006079,0.3129255154439119,0.8698837173882351,0.8890165667380056,0.8518407299954404,0.3156007190400169,0.10421794048808067,0.2166657385746036,0.29443807641603537,0.865220790393422,0.8836864480716831,0.8478500446355273,14683.069104671478
cnn_dailymail,opt-350m,contrastive search,0.38234336099193067,0.16086247263758657,0.26045409735520664,0.35703728115580624,0.8696344123091749,0.8704936100590613,0.8691546481142762,0.3714563572818863,0.1597983630536613,0.259311698669835,0.3483769456199009,0.8682885627780007,0.8706526802543825,0.8663225616676397,10694.132116556168
cnn_dailymail,opt-350m,truncation multinomial sampling,0.3628555341761334,0.14329092479386693,0.24178875430529698,0.3388754751518077,0.8684200811129744,0.8714168084565029,0.8657522329720118,0.3569493715265911,0.13911890224530943,0.23864936982397933,0.33390976440843323,0.8662383880091782,0.8699609427013987,0.8629021681225005,3192.9187955856323
cnn_dailymail,opt-350m,greedy decoding,0.37057378076548986,0.15929568958617227,0.26145206890765715,0.34728928275053017,0.8682435802234116,0.8763850036487785,0.8605298073061051,0.36504755948475154,0.15756522587157668,0.25886389699191226,0.34247435545697924,0.8672093178366731,0.8761533909557847,0.8587824238646328,1890.9831264019012
cnn_dailymail,opt-350m,top-p nucleus top-k sampling,0.3376212940096538,0.09654356839838919,0.21482624755578672,0.3120354746973356,0.8629354815329274,0.8682789847414981,0.8579160199370436,0.33121388478508185,0.09882715002248937,0.21033482224601113,0.3085728950504739,0.8602008653203362,0.8651037608925102,0.8556686328221119,4792.172107934952
cnn_dailymail,opt-350m,multinomial sampling,0.3391752573303845,0.10581949734184583,0.21859674659019268,0.31687824489482086,0.861048960557548,0.8649820819977792,0.8573996623357137,0.3354370627323794,0.10719301032136327,0.21549697394113887,0.31289107710088615,0.8613334696542666,0.8662211070267843,0.8568160709682402,4426.408971071243
cnn_dailymail,opt-350m,top-p nucleus multinomial sampling,0.31344354245435635,0.08369477448567175,0.2019744609724218,0.29485325270613305,0.8562359060010603,0.8613262945605863,0.8514675959464042,0.3107303462593214,0.08220926620439026,0.19288536584944255,0.28734396354184777,0.8553228419479731,0.8600844670213467,0.8508872955175795,3817.9749999046326
cnn_dailymail,opt-350m,top-k sampling,0.2883115224135946,0.0645276748629176,0.17638075349258414,0.2684183363218674,0.8501899658992726,0.8557347386114059,0.844976584757528,0.29423471103199256,0.07067310314564812,0.17889614251131936,0.2713647510649225,0.8516984705051174,0.8548471832069472,0.8488734823724239,5019.812016963959
cnn_dailymail,opt-1.3b,grouped beam search,0.4011709818232443,0.18803272959879266,0.2995909506629314,0.37725666150643217,0.8757557958684942,0.8796480528769954,0.8723449860849688,0.39405287532117333,0.18297954193857507,0.28039482584023656,0.3692048695431259,0.8743107429074769,0.8790677676199076,0.8700468395003719,14920.685379505157
cnn_dailymail,opt-1.3b,beam search,0.3584661528891937,0.13926819668023788,0.25393016218926967,0.33744829015824174,0.8744538977581967,0.8890281543936781,0.860724804862853,0.3586718588151345,0.13714202094378744,0.2477509593361451,0.33538675780375093,0.8727131055299384,0.8862216977500724,0.8599573892099058,13273.641160011292
cnn_dailymail,opt-1.3b,beam search top-k sampling,0.399105616366383,0.17546813869185518,0.2820791147374453,0.37356471193989754,0.872875343086899,0.8686718985598575,0.8775370294047941,0.3934766839300081,0.1772831295559622,0.27173956027951507,0.368816971675875,0.873190205690186,0.869559543961532,0.8772704423496043,14903.164606332779
cnn_dailymail,opt-1.3b,beam search multinomial sampling,0.37263243836131266,0.17296179081493313,0.27998031236594584,0.34851787727912154,0.8724391146372723,0.8840447395078598,0.8615617136801442,0.3721350661146775,0.1747674259450066,0.2709174673358915,0.34774965578054046,0.8723528559671384,0.8832036391682134,0.8622192359415308,16001.12039399147
cnn_dailymail,opt-1.3b,top-p nucleus top-k sampling,0.38205546243079413,0.15514985552655763,0.2653162349202982,0.3618554568531735,0.8721848790363599,0.8761292298634847,0.8686889019063724,0.38003137824336075,0.15624501523945744,0.2562331187885273,0.35599629213606215,0.8725336837461168,0.875689999610167,0.8697814137575429,6901.371284008026
cnn_dailymail,opt-1.3b,greedy decoding,0.37245853504983695,0.14243825841642188,0.2619139051053986,0.349090522665802,0.8705300092697144,0.8769527833948854,0.864482698902007,0.3673813367067121,0.13628027926888714,0.24982698220525218,0.34471784553434326,0.8689567449767623,0.8767622148293789,0.8615875132377253,4794.98507976532
cnn_dailymail,opt-1.3b,contrastive search,0.36479037501529327,0.13415088637414174,0.2505474783635721,0.34376013645011816,0.867095144205196,0.8699717848531662,0.8645147495372321,0.3597481826380605,0.12791931229556575,0.24043344134107542,0.33612202790684287,0.8666381781995632,0.8704624514747492,0.863169866317592,35126.492723703384
cnn_dailymail,opt-1.3b,multinomial sampling,0.3487097710332245,0.1366923451524243,0.24883174476050712,0.32579113257791537,0.8663518947939719,0.8764405096730878,0.8568955429138676,0.36185555354460486,0.1469822393730367,0.2500508971666874,0.3387655002839316,0.8692726673881735,0.8803045165704418,0.8588208256025669,3522.002495765686
cnn_dailymail,opt-1.3b,truncation multinomial sampling,0.35425748574680316,0.10927972097335599,0.22738425618288122,0.3303846393023789,0.8649880745077646,0.8699244664561364,0.8604454680155682,0.3461886502706579,0.10762739730723804,0.2221088997604453,0.3221992216729811,0.8650267404181322,0.8701627156152223,0.8602700792052508,6456.298213005066
cnn_dailymail,opt-1.3b,top-p nucleus multinomial sampling,0.29842029453194024,0.0922661207038134,0.1958292927219451,0.2797103226864504,0.8631040203955865,0.8681689628990747,0.8583399653434753,0.29544305738562554,0.08955997992091219,0.19442707858797675,0.2764639636420978,0.8635217301955076,0.8679767439251683,0.8593888301950235,6162.5160937309265
cnn_dailymail,opt-1.3b,top-k sampling,0.2720499527509439,0.0686731144099272,0.17610227303507253,0.25530646515171584,0.8564240708146044,0.8610243854984161,0.8521066384930764,0.28065066813915396,0.0784629035306305,0.18358766967403817,0.2619801393321582,0.8601404289934271,0.8647215748806145,0.8558684957088614,5424.4886429309845
cnn_dailymail,opt-2.7b,grouped beam search,0.4237752302068893,0.19980142318946117,0.30061078974494476,0.4014945997648324,0.8797870271949357,0.8803498161736355,0.8796137000924797,0.4086587718476945,0.18757414234665298,0.28652688173882873,0.38481355360761027,0.877487018060917,0.8788117530020922,0.8765630110555513,26836.367783546448
cnn_dailymail,opt-2.7b,greedy decoding,0.42058612124164335,0.19694195973829315,0.29789411717955133,0.3979145984366914,0.8790181567592006,0.8797946149303068,0.8786150582375065,0.4084957561747472,0.1870218683341648,0.28603165385353996,0.38455213705347335,0.8773515385163264,0.8788482985951334,0.8762478342431107,9498.38683795929
cnn_dailymail,opt-2.7b,contrastive search,0.4184772088698413,0.19376472999642488,0.2946255029793643,0.39354029121112044,0.8780388838501387,0.8788834553892895,0.8775008936082164,0.4084864709162649,0.18645251825401,0.2865656712455927,0.38410542500661105,0.8770505849060778,0.8794612990166968,0.8750005209456398,32199.093955278397
cnn_dailymail,opt-2.7b,beam search top-k sampling,0.4254212542464674,0.2004767934506375,0.2976619604430113,0.40246266495585215,0.8776805682848858,0.8735238403402349,0.8822009121218035,0.40547888519658526,0.18865564999994136,0.28311886410280873,0.3797634274588576,0.8755899407356579,0.8718395334024843,0.8797765400221984,22862.58419084549
cnn_dailymail,opt-2.7b,top-p nucleus top-k sampling,0.4005180008327572,0.18203120859784422,0.27758045907004014,0.3809681524191385,0.8768300997313633,0.8786383501945003,0.8754576745853629,0.4013871229045156,0.17745248551372195,0.2768917898977096,0.376763119349656,0.8762857547494524,0.8785425682497019,0.8744043354054598,9597.261435747147
cnn_dailymail,opt-2.7b,beam search,0.3901585174983831,0.1487466625416411,0.26885375216028295,0.36628143906674837,0.8760506350507018,0.8863797553123967,0.866285474710567,0.3777428677177568,0.14686925910421067,0.2597254056162966,0.35328662255829957,0.8750483366437065,0.8856559371691589,0.8650451817177073,15244.295932769775
cnn_dailymail,opt-2.7b,beam search multinomial sampling,0.3715943273113016,0.1573389909424929,0.2699413863780964,0.35233349059627495,0.8759524450507216,0.8897882770466549,0.8628232921323469,0.36544625417999566,0.14429040763657291,0.2543421954748312,0.34094882865643045,0.8739703236958428,0.888427962863202,0.8603242630653558,26190.178357839584
cnn_dailymail,opt-2.7b,multinomial sampling,0.37974081467653437,0.12930955338716835,0.24792044391325285,0.3507121843952529,0.8702011178898555,0.8740322929556652,0.8666618972696284,0.3689957393943988,0.13121886515813347,0.24221918969525624,0.3442570005393548,0.8696005098406999,0.8732544493803558,0.8663043873765797,9653.35815191269
cnn_dailymail,opt-2.7b,top-p nucleus multinomial sampling,0.3672445066903124,0.13856185169120247,0.24471126936350812,0.3435134572331475,0.8684019363054665,0.8694805810528417,0.8677117824554443,0.36744697493428596,0.1399585789713734,0.24199134195399002,0.3422997228872867,0.8706445553258298,0.8735939109708896,0.8680707869384685,9924.384873867035
cnn_dailymail,opt-2.7b,truncation multinomial sampling,0.3669497393205217,0.116597040441521,0.23804427535170652,0.34190360160301714,0.8666885905368353,0.8701844785803108,0.8635789867370359,0.36192506470810115,0.11892786822306212,0.23459108568045975,0.33640790568799095,0.8675559141979392,0.8716282850885171,0.8638307518677921,9392.578387975693
cnn_dailymail,opt-2.7b,top-k sampling,0.31546751458758315,0.08302847379289358,0.19782594220754002,0.2923431890577004,0.8588250734472788,0.8611414868344542,0.8567653074059435,0.3293856069924397,0.09378884442684432,0.20751978347973096,0.30367795162330924,0.8608043704959236,0.8634113569270984,0.8585295082481562,10256.521891355515
cnn_dailymail,opt-6.7b,grouped beam search,0.43149147465745424,0.20491904378517423,0.3099978773409534,0.40521873716903467,0.8812360103412341,0.881774079415106,0.881034924778887,0.4143771060842018,0.19378251795158907,0.29271662536942755,0.3905441365687651,0.8788902402028586,0.8805375336436817,0.8776145446642213,38702.66487765312
cnn_dailymail,opt-6.7b,beam search top-k sampling,0.43157142688984385,0.20579229612933883,0.30268974343555066,0.4050678634451542,0.8801226949179044,0.8728761692200938,0.8878389712302915,0.4081472341871967,0.19029301375176727,0.2846848814678531,0.3826651357516613,0.876427431386498,0.8725251991976515,0.8807588035434518,37078.31331825256
cnn_dailymail,opt-6.7b,beam search,0.3935688827926298,0.16270188937543287,0.277300751983149,0.37107542581077724,0.8774534630519087,0.8884651398146024,0.8670551200066844,0.3783178782994491,0.14827081511893286,0.26037644215225236,0.3530904770838309,0.8750008162456574,0.8864070898765228,0.8642434063804121,23155.062525749207
cnn_dailymail,opt-6.7b,contrastive search,0.4061019035030037,0.191405684911255,0.2989285197518555,0.38149888680602595,0.8753316114025731,0.8834861311861264,0.867754453612912,0.3999196317679835,0.18486340962508452,0.2856181339168474,0.37672704809311264,0.875688366059413,0.8841022878478654,0.8677602313549382,19956.50647211075
cnn_dailymail,opt-6.7b,beam search multinomial sampling,0.3821319978766036,0.14174403638587105,0.2623020714089205,0.3578328199039072,0.8752809718091,0.8833261260422327,0.8677066635060054,0.3831215291261923,0.14423059709824088,0.2566562733262906,0.3572701948939235,0.8750445178429793,0.881754864387271,0.8687398417719107,29367.046645641327
cnn_dailymail,opt-6.7b,greedy decoding,0.4012127392070619,0.16544505140131313,0.2805115533953222,0.38043277896949385,0.8749850379523411,0.8783553409320052,0.8719146943861439,0.3904626840379991,0.1517190798174325,0.26624528426258376,0.3661777502499516,0.8737462587194816,0.8783853351883334,0.8694550580189933,13980.724508285522
cnn_dailymail,opt-6.7b,top-p nucleus top-k sampling,0.3867779515946364,0.15354341362056292,0.2629816726711033,0.36398339420657355,0.8745450409509803,0.8799683073515533,0.8694459148632583,0.3810696748180762,0.14236624249418173,0.25423843180953,0.35620132601420806,0.8722397031556054,0.8760478707171006,0.8687923188008987,15934.70378780365
cnn_dailymail,opt-6.7b,truncation multinomial sampling,0.38640236005715756,0.13366765873512598,0.24718447394446244,0.3545106515346554,0.8701462598257167,0.874862886885161,0.8657878156631224,0.36242274122963414,0.12090998900136463,0.23674812855047372,0.3368963961075143,0.8679402828410534,0.8719193602491639,0.8643177290750036,14908.751702070236
cnn_dailymail,opt-6.7b,top-p nucleus multinomial sampling,0.3751985410466513,0.12595957627863005,0.24641017809263574,0.34844940225279974,0.8688463434096305,0.8734966657494986,0.8645536816248329,0.34726190045798966,0.10758185283891834,0.22206872396241958,0.32140106136057556,0.8647673155253037,0.8688519118291473,0.8610198599985714,14694.523730516434
cnn_dailymail,opt-6.7b,multinomial sampling,0.36363675323866906,0.12615933769707832,0.24407608235606415,0.34073417167775877,0.8687804347725325,0.8726751054486921,0.8653004637328527,0.3607084179661514,0.11827479168209587,0.2347711885015394,0.3352455131739801,0.86754253609247,0.8714697268552634,0.8639703542050051,14673.74469280243
cnn_dailymail,opt-6.7b,top-k sampling,0.3500420196080496,0.10761999016532087,0.22215474614128541,0.3197445875909638,0.8633953999447567,0.865627803469217,0.8615062762332218,0.3278546002474692,0.09267622505178041,0.20520921977146278,0.30151829049191403,0.8606377500797754,0.8630878134847567,0.8585286992991996,15950.911665201187
cnn_dailymail,opt-13b,contrastive search,0.42194820318451715,0.20289109249716206,0.3032286297987353,0.39833838989286696,0.8804054708891017,0.879105511532035,0.8820998239260848,0.4075122866664568,0.18860008571130144,0.28624466486497957,0.3831737709416937,0.8770943914177212,0.8771138331859964,0.8775014381994218,66581.63299679756
cnn_dailymail,opt-13b,beam search top-k sampling,0.41838877128649676,0.19132473693364221,0.2987939704907438,0.39216022153102814,0.8777277725999073,0.8718942935748767,0.8840433410418931,0.40236977122489115,0.18595581334509947,0.27836975640538686,0.37693551856348506,0.8753014820838754,0.870359444173559,0.8807272184535251,67020.88753461838
cnn_dailymail,opt-13b,beam search,0.4149633639812512,0.1991171470974581,0.3037915094309711,0.39086534510567345,0.876301658409898,0.8793264992775456,0.8737188064923851,0.4030616311119899,0.19161662163318804,0.28820874957793063,0.37710138751038297,0.8758845432990333,0.8794827488176306,0.8727603832791125,45827.525559425354
cnn_dailymail,opt-13b,grouped beam search,0.4066056781438874,0.1969242096047853,0.3026398447952431,0.3838038732631108,0.8762646548209652,0.8814900491827278,0.8715228323013552,0.3993900346183531,0.19036003750121372,0.2864750741910598,0.3735148099139435,0.8752928826981723,0.8801502858104746,0.8709345660485408,67497.8249847889
cnn_dailymail,opt-13b,top-p nucleus top-k sampling,0.398052027626423,0.17020482155530176,0.2768373550540414,0.3718416277833091,0.8758584914668914,0.8780978001574035,0.8740496846937365,0.39404452976150534,0.16998573091903363,0.2679726356368638,0.3693042945759477,0.8749465450415073,0.8771082026995173,0.8731791869333739,31780.03893184662
cnn_dailymail,opt-13b,beam search multinomial sampling,0.37635005655240816,0.15064598070508695,0.2634493016522491,0.3544104308547469,0.8755329655062768,0.8884488023737426,0.8632984699741486,0.3653786496646356,0.14082846105811356,0.25200782606593725,0.341071306271025,0.8728208238885435,0.8855152563974755,0.8608727057476429,40460.318073272705
cnn_dailymail,opt-13b,greedy decoding,0.3882248754446941,0.14939169360422555,0.2738848424596271,0.36987161497660936,0.873153721132586,0.8751584951595593,0.8714469132884857,0.38615523630584203,0.14875319621924038,0.2618202781330849,0.3619868561154168,0.8725714752097827,0.8762500921318149,0.8692591899789339,30697.505845546722
cnn_dailymail,opt-13b,top-p nucleus multinomial sampling,0.36970709642685257,0.1383222215032166,0.24168133166711248,0.3414699958401648,0.8691227147656102,0.8779249915512659,0.8607571797986184,0.35576023864453765,0.13631370770275658,0.2401657383351379,0.330787639833411,0.8681091504246798,0.8767028530946078,0.85997357469489,23572.18393778801
cnn_dailymail,opt-13b,truncation multinomial sampling,0.3667953083354447,0.12345217626061347,0.24700111608437403,0.3439255411515264,0.8676720396164925,0.8723437004191901,0.8634085738530723,0.3603199205196066,0.11847090191778448,0.2342896398178167,0.33494170872558865,0.8671974231847939,0.8710990764498189,0.8636619772909878,30099.085471630096
cnn_dailymail,opt-13b,top-k sampling,0.35826571593796497,0.11815944459652747,0.23814575168820817,0.33452826290627125,0.8652989031166158,0.8685911560571322,0.8623594128957359,0.35670472550222043,0.11570514507482027,0.23093256670581874,0.3309199824306748,0.8666305534680565,0.8701438794954949,0.863473461042553,30331.141859531403
cnn_dailymail,opt-13b,multinomial sampling,0.3390166434827629,0.11959794995547574,0.21958114838038253,0.31420370487058263,0.8628619114557902,0.8651185144660294,0.8608957593159009,0.3454608186618283,0.12239245780016317,0.22465674462425753,0.3198509834230341,0.8650995603504819,0.8677542121214299,0.8627987177966757,30244.688861846924
cnn_dailymail,opt-30b,grouped beam search,0.4324941706510219,0.20935395902011933,0.31668598961984,0.4099713820507077,0.8813837670510815,0.8813054978206594,0.8818858567104545,0.4135292310628954,0.1952279910944446,0.29316056078099767,0.3889947061982961,0.8785794354496798,0.8801999804313766,0.8773607919490416,123190.7961344719
cnn_dailymail,opt-30b,beam search top-k sampling,0.4274238547936855,0.20768478279720787,0.31084381318829224,0.404878218564954,0.8804716185856891,0.8739329602128716,0.8875448235901453,0.4040087340989771,0.1881273305839542,0.28138520716420196,0.37862401271940327,0.8756181006512753,0.8699849403341716,0.8817401146736532,115191.41754937172
cnn_dailymail,opt-30b,beam search,0.3778741193352262,0.15206784654640662,0.2672398058653406,0.3576455786057508,0.8768078768125145,0.8888918924075301,0.8654369949012675,0.3827101931904543,0.15215148303378423,0.26401246165409337,0.3578264145666421,0.8752917555220391,0.8861224940668017,0.8650939701301521,71893.30775618553
cnn_dailymail,opt-30b,contrastive search,0.40664433940568845,0.19051798301027364,0.2986776237290737,0.38663345638515645,0.8755220668290251,0.8833876732856997,0.8681178368547912,0.40071921090418816,0.18594855364897311,0.2857501738423587,0.37683760902049035,0.8751873726062295,0.8830907740764854,0.8677543850263796,65830.04793477058
cnn_dailymail,opt-30b,greedy decoding,0.3942480370244698,0.15480421241606943,0.27634540268536967,0.37193951931528335,0.8736257277509217,0.8768902920907543,0.8706591513849073,0.3916492285920493,0.15316303915228183,0.2660880137288162,0.36709857079738406,0.8731667878168488,0.8770646997992663,0.8696160738825395,49386.86555671692
cnn_dailymail,opt-30b,beam search multinomial sampling,0.355843481316378,0.13980945311094745,0.2610286705388723,0.33266772642957854,0.8735358881694014,0.8897193067817277,0.8582888078945939,0.3533325236005099,0.1274840550000337,0.24378406357528126,0.3285638855880578,0.8716790268531295,0.887226111100424,0.8570137511566235,114614.91377162933
cnn_dailymail,opt-30b,top-p nucleus top-k sampling,0.3802516223813457,0.14155858053359072,0.25402075477214936,0.35668315816529983,0.8720476691440869,0.8743458614554457,0.8701183763883447,0.38155403643343366,0.14247874550220488,0.25464698147522913,0.3568954739349421,0.8716949805746032,0.8746163026981232,0.8691264050134297,52642.01861023903
cnn_dailymail,opt-30b,truncation multinomial sampling,0.38659507751209066,0.13803237021054854,0.25770095382064584,0.3577421881230457,0.8719918958602413,0.873442756232395,0.8708109797969941,0.36484872704219173,0.12162905722339756,0.23719069306175328,0.3390120150041316,0.8676632308425765,0.8707613977611192,0.8649182170946587,51021.11412549019
cnn_dailymail,opt-30b,top-p nucleus multinomial sampling,0.3520214992636414,0.11884289197380662,0.23275082887952125,0.3308364328167996,0.8657226421499765,0.8702961142345141,0.8615146362653343,0.3478359751519673,0.10756875861545127,0.22279562878735218,0.32158116497480305,0.8644743152517657,0.8680168728996149,0.8612601301117674,48859.41101074219
cnn_dailymail,opt-30b,multinomial sampling,0.35412228413336144,0.11708699386214494,0.23421302494742363,0.33421477417566753,0.8648443766819534,0.8676811116997913,0.8623185016775644,0.3637334095400833,0.12035100747743002,0.23677445410332248,0.33817112359588686,0.867641994526097,0.8706442738507474,0.864979363066754,50725.86934328079
cnn_dailymail,opt-30b,top-k sampling,0.33060785295172235,0.09818568113655933,0.2158063881842674,0.30668863897626386,0.8611484868552095,0.8634839948787484,0.8592738227177692,0.32940953610026735,0.09377614982189511,0.20633024927476093,0.30319936079310417,0.8607291047587116,0.8623180982914059,0.859483962558002,53522.03362059593
samsum,opt-125m,beam search top-k sampling,0.4267100454005218,0.18040301967527245,0.354935074298367,0.353364726556568,0.9032049657386026,0.9079910833158611,0.8990481282457893,0.42366126976206353,0.18795881685966542,0.34898191434509934,0.3491561743330005,0.9007798763712975,0.906743291387919,0.895386224264627,134.53163933753967
samsum,opt-125m,beam search,0.4085686555877812,0.17767221907426217,0.33579823157445954,0.3350304355305762,0.9026718941735633,0.9149353150968198,0.891196467258312,0.41511630966404656,0.1812304372275631,0.34595776220328955,0.3467483743517641,0.9022062706859993,0.9142200195017898,0.890918794277969,283.62993812561035
samsum,opt-125m,grouped beam search,0.40076585450369906,0.1709026560940074,0.3227216048694759,0.322852657314522,0.9010624473477588,0.913248313061985,0.8896439561137447,0.41073105295172624,0.1743024513124784,0.3401248370689772,0.34077904092829325,0.9013148910833366,0.9140314306968298,0.8893523540834513,380.2967436313629
samsum,opt-125m,beam search multinomial sampling,0.37384198612005604,0.15756576385731155,0.3161087525205528,0.31644917566736885,0.9005986246061913,0.9153447673644548,0.8867731167946333,0.3962439160298439,0.1671213459854052,0.33208693741913103,0.3323699683704821,0.9000113737452161,0.9153107051738744,0.8856212027343638,489.7935357093811
samsum,opt-125m,contrastive search,0.38352766674627026,0.1423890671027677,0.30732692886452795,0.3070711246022936,0.8981505610324718,0.9050265889108917,0.891839607262317,0.41532946153262823,0.1756156273593717,0.33845923246226844,0.338726649541073,0.8998149679985094,0.9085157271269914,0.8917149180894369,148.7986810207367
samsum,opt-125m,greedy decoding,0.37341799773957934,0.1454483747409001,0.30660999842368986,0.30645016623124344,0.8978464721161642,0.9047850804564394,0.8915727513807791,0.41243203667487716,0.17534557682770113,0.33848476563690655,0.33898344935349317,0.8987493065978436,0.9066578605381705,0.8914094768892132,40.50841569900513
samsum,opt-125m,multinomial sampling,0.3763705312678025,0.1283377048343709,0.29878563512774803,0.2996469632662977,0.8958796527650621,0.9008250170283847,0.891502406862047,0.3987516373419119,0.1551550298607098,0.31604494741710454,0.3168016413727127,0.895445314810244,0.9014664980809185,0.8899370316184048,44.94545102119446
samsum,opt-125m,top-p nucleus top-k sampling,0.38373833804830293,0.14210114373475044,0.31182280988827515,0.3115495271885331,0.894879204991423,0.8998012638386385,0.890456779503528,0.3960666769014527,0.1524033371872829,0.31486415661811873,0.31512871601910153,0.8955151908126943,0.9015250997811156,0.8900078636240464,110.85844588279724
samsum,opt-125m,truncation multinomial sampling,0.3651419845051023,0.11849479063458479,0.280160079207909,0.27919775288901477,0.894307530220644,0.8957084130357813,0.8934908067738568,0.36715881345577067,0.12667336199670926,0.2857858660069526,0.2860526437333972,0.8904241438459273,0.8937316438653967,0.8875655667976873,52.28600716590881
samsum,opt-125m,top-p nucleus multinomial sampling,0.3465617809554204,0.10010551545661014,0.25807957394834125,0.2585069393816858,0.8864791967250683,0.8884064643471329,0.884847347383146,0.3527331247754998,0.1137947424089171,0.26816084564743986,0.2681285152708747,0.8858918267437536,0.8888058580176152,0.8834330612777644,123.05047106742859
samsum,opt-125m,top-k sampling,0.33068257435378623,0.08973195442697651,0.2393081814585769,0.23965572810649283,0.8849349095497603,0.8837730207560975,0.8865592494423007,0.3491352370026457,0.1052122458620694,0.2622574237218501,0.2631157696991234,0.8850336515132033,0.8854946745912089,0.8849491932598808,132.03594326972961
samsum,opt-350m,beam search,0.44284991037084087,0.21555220585270454,0.3785563815130768,0.3792037732029595,0.9085802884749424,0.9180615014500089,0.899739717995679,0.4610120940493093,0.22632598567833753,0.3880054454223827,0.3882775898077183,0.9097244106369577,0.9199094664628398,0.9002376560472015,435.59483551979065
samsum,opt-350m,beam search top-k sampling,0.4583615258152171,0.2152316828083105,0.38569511136389156,0.3863303009982882,0.907069938418306,0.9092747620594355,0.9053237313105736,0.45947337400703514,0.21197377905870435,0.37415920178325185,0.37442921770370585,0.9074451241446647,0.9094227341359643,0.9059752621056832,409.8293631076813
samsum,opt-350m,grouped beam search,0.42163804263297433,0.1870161196279556,0.3539464402934283,0.35438362061454043,0.9059309863749846,0.9162391858336366,0.8962371349334717,0.446561821327627,0.19948266365582712,0.36789034259292847,0.36819362649474163,0.9066140416632059,0.9172253809569083,0.896651480369661,626.3239517211914
samsum,opt-350m,beam search multinomial sampling,0.40205900370989855,0.17998689953820163,0.3472043570531966,0.34720056330614535,0.9040635485707977,0.9154985311590595,0.8932893033380862,0.432017533853818,0.19232215899535504,0.3584610839045209,0.35806128063455045,0.9061412782168359,0.9183473537547538,0.894665222392123,817.195999622345
samsum,opt-350m,greedy decoding,0.4282833719612758,0.18386778184397895,0.35530587625544274,0.35457556827399095,0.9024583763546414,0.9068582661357927,0.8986294895042608,0.43636553548817736,0.18871114914134854,0.35689898418775845,0.35679704289590697,0.9040095231908581,0.9098470877669524,0.898704279255081,209.40771436691284
samsum,opt-350m,contrastive search,0.4223403928750985,0.17516285821226957,0.34704069654937864,0.3462346988554307,0.90186866271643,0.9053699565522465,0.8989348095140339,0.44093367195726,0.19023290970580897,0.3591129212435908,0.3590914465951842,0.9041303359836304,0.9091647491495833,0.8996094899008708,911.3087964057922
samsum,opt-350m,multinomial sampling,0.41162095068302645,0.1585978362238617,0.3311257120813227,0.33101631478158194,0.9007306474226492,0.9045160552601755,0.8974100321899225,0.42532778616873557,0.17601372692188821,0.34273121364660236,0.34283178173611595,0.901685610941187,0.9056914930524116,0.898182172696669,162.8892834186554
samsum,opt-350m,top-p nucleus top-k sampling,0.4081947718757097,0.14958670748485525,0.3215072747153622,0.3207541150085979,0.8999031870453446,0.9029473184067526,0.8973541325993009,0.42624045398031213,0.17455704572291075,0.3406577378588069,0.3402737521842999,0.9016444308999403,0.9056457401923061,0.8981631471706106,186.04301071166992
samsum,opt-350m,truncation multinomial sampling,0.3793029939460234,0.12550851677112104,0.29133739630052025,0.29087472122505964,0.8942098411512963,0.8961317877710602,0.8927335098937705,0.40268040681536765,0.1576972128354026,0.31887226199242086,0.3189258250900721,0.8974457243423322,0.9006472767782153,0.8947119464658847,238.37811255455017
samsum,opt-350m,top-p nucleus multinomial sampling,0.38247905943001514,0.12072901665114982,0.28561524817289197,0.2863202216755435,0.8941613214987295,0.8950484093324638,0.8937404913666808,0.40322893207564875,0.15058568346526066,0.3137047612662611,0.31373608232104727,0.8973488013677399,0.899665862503797,0.8954859350481604,189.33287978172302
samsum,opt-350m,top-k sampling,0.36834796612295495,0.11426387573223283,0.27680284993857773,0.2769784787668683,0.8922949256720366,0.8931344438482214,0.8918160288422196,0.36677239782373894,0.12671319025638939,0.28177652927633046,0.28188709003800905,0.8891352367051791,0.8891122288756318,0.8895526239432403,268.0511212348938
samsum,opt-1.3b,grouped beam search,0.4925207140072928,0.25475609101632835,0.417673350348106,0.4186510598646216,0.9159264557155562,0.9240382931850575,0.9084424369129134,0.48660568305544183,0.25396018157569106,0.41568367553232033,0.4152330420860507,0.9151565729480087,0.9246485177996103,0.9063635209395626,678.0058488845825
samsum,opt-1.3b,beam search,0.482893540773936,0.24347589643072076,0.4084679794622684,0.4085502805713538,0.9143330403316168,0.9212843481405282,0.9079845128235994,0.49473549669119266,0.2586009897432968,0.4200524440692193,0.4197924227781117,0.915615085935418,0.9228496026789021,0.9090344809787178,419.849308013916
samsum,opt-1.3b,beam search top-k sampling,0.4874202212101861,0.24523554143707016,0.4050178887945174,0.4059423626797687,0.9130928170533827,0.9144602027940162,0.9122802195725618,0.49335826749240186,0.24447138728495,0.4068765023832351,0.4068178905006873,0.914115880216871,0.9156826886647496,0.9130831563865746,623.6017007827759
samsum,opt-1.3b,contrastive search,0.485082181953969,0.24080050863096752,0.40283039455298386,0.40550566149120104,0.9126468712900891,0.9159174671879521,0.9099026447460975,0.48384841607711715,0.24248314097551218,0.40658789067363416,0.4063819074097771,0.912983134843782,0.9188017107919313,0.9077367711270976,537.5822985172272
samsum,opt-1.3b,beam search multinomial sampling,0.4628733948667616,0.2371014294643089,0.3956770980327675,0.39753344252061207,0.9120190570383896,0.9232705367936028,0.9015353263160328,0.47562486895927614,0.245704880061403,0.40596705851544934,0.40578575401145756,0.9137651791502704,0.9242622250456805,0.9040137233897152,919.3940100669861
samsum,opt-1.3b,greedy decoding,0.4471065517412755,0.20011101923057734,0.37289205272029746,0.37421579167660224,0.9061927346535671,0.9086120150707386,0.9042696768854871,0.4530132616419449,0.2112856145577849,0.37247496602603014,0.37256690627121036,0.9069362508362757,0.9115185521461151,0.902838755439926,290.737726688385
samsum,opt-1.3b,top-p nucleus top-k sampling,0.4401835915937897,0.1907964421100796,0.3645181595185104,0.36517427809852443,0.9051524496372835,0.9059577650494046,0.9048385046146534,0.4429640336616012,0.18353551660765388,0.3531370700003149,0.35292910192334526,0.9057783662035643,0.9086132575012971,0.903430373459072,351.1164255142212
samsum,opt-1.3b,top-p nucleus multinomial sampling,0.40643711977287156,0.15825517766561215,0.3228567623214469,0.3232614280052011,0.9009173254907867,0.9014498149907147,0.9009150634577245,0.43273906262162454,0.1784292755716181,0.35031211547998253,0.35044824945655706,0.9045410645313752,0.9072652368900685,0.9022722552110861,294.8076195716858
samsum,opt-1.3b,multinomial sampling,0.418924173885043,0.1728764517052646,0.3299824043298757,0.3305889730498244,0.8995276777832596,0.9004517381573901,0.8991448555463626,0.4269667561871231,0.17806350869784968,0.34247839339203934,0.342346227604148,0.9024986489351853,0.9058484257504762,0.8995883576162569,314.0895655155182
samsum,opt-1.3b,truncation multinomial sampling,0.4038054147876633,0.15997436372054852,0.31802805862538464,0.319082256091518,0.8992523322870702,0.8984126036549792,0.9005903292585302,0.40641911353226434,0.15883180363929067,0.3179818145704062,0.3181902520569725,0.8987156043559203,0.8999531510694269,0.8979357922033513,351.53084230422974
samsum,opt-1.3b,top-k sampling,0.3476903296911902,0.09790836487770267,0.26431770958500866,0.2647027681546581,0.8946158915390203,0.8886129642710273,0.9011221623715059,0.36448398220288236,0.12472548263849653,0.2754331040707091,0.27552467113388557,0.8945896605868916,0.8906989677630647,0.8989670641984113,324.0220296382904
samsum,opt-2.7b,beam search top-k sampling,0.5056751303345371,0.26656475320418543,0.4247259265768955,0.4250404158362742,0.916266319192486,0.9197902473402612,0.9133668225488545,0.5113000961901116,0.2716550222907491,0.43095001597506416,0.43038432422563305,0.9175825506194025,0.9215174267143557,0.914237265185122,1610.0570945739746
samsum,opt-2.7b,beam search,0.49042407952464195,0.2623094172848367,0.4137162530785192,0.41526007103059465,0.9148870235607948,0.9223430311238324,0.9080414727882102,0.5050500481926954,0.27025347772529473,0.4279562608542372,0.42710129235109,0.9174242507989299,0.9251333543523619,0.9103551603790022,1527.3506617546082
samsum,opt-2.7b,grouped beam search,0.4867587633359944,0.24618106026388142,0.40316346800222247,0.4032569155250344,0.9141074786951513,0.9209218783143126,0.9078881770004461,0.49528315842021187,0.24546414954502488,0.4124966855179788,0.41192863005639757,0.9161384595473898,0.9240455533558632,0.9088331275370531,1368.9655179977417
samsum,opt-2.7b,beam search multinomial sampling,0.48969332504097607,0.23375154067023596,0.40029802105490775,0.39989818733188587,0.9128249118357529,0.9139122639173343,0.9123400214277668,0.49392449343666284,0.24276416911163692,0.40841385630805815,0.4080853567069896,0.915632100332351,0.9187994157583868,0.9129568260522407,1119.2513308525085
samsum,opt-2.7b,contrastive search,0.49343055153543314,0.24194254511370894,0.4043610430011403,0.40484165983619,0.9117816075866605,0.9125862776497264,0.9114225330176177,0.4993971353636991,0.25660616189743835,0.41865072859173547,0.41766800509188357,0.9154581708494706,0.9190117756089011,0.9124087135288159,793.3082461357117
samsum,opt-2.7b,greedy decoding,0.4813300157032382,0.22835982798591636,0.3951046170489926,0.39559922497892586,0.9101407005463118,0.9106128657305682,0.9101364465407383,0.49078116071918143,0.24158979543463008,0.4062210919345231,0.40557833049636305,0.9138884288924081,0.9175056297700483,0.9107661073315566,474.758549451828
samsum,opt-2.7b,top-p nucleus top-k sampling,0.47714947013499015,0.22839172801745106,0.3972365558295491,0.39811341486557256,0.9093212117383509,0.9085088342796137,0.9106904481664116,0.48444513583242604,0.2365953210173051,0.3985316374290888,0.397975361276405,0.9135641101952438,0.9161935953721313,0.9114489274438339,459.90155029296875
samsum,opt-2.7b,multinomial sampling,0.4376020879784397,0.19606223416645935,0.35319502854007545,0.3534394847853926,0.9053465915314945,0.9071591260992451,0.9041412465366316,0.4622902050520459,0.20672569128240198,0.3756214122535438,0.3755181156287367,0.9098957501924955,0.9117153692303706,0.908574364488087,505.9423928260803
samsum,opt-2.7b,truncation multinomial sampling,0.4417233429349791,0.1865896586023783,0.33622492919487745,0.3377811613920969,0.9036691961465059,0.902334694509153,0.9054702564522072,0.43826356149840384,0.18751444213878987,0.3475948064891991,0.34707379028141067,0.904489731905079,0.9053711806752597,0.904061765533955,532.6581046581268
samsum,opt-2.7b,top-p nucleus multinomial sampling,0.4149198283341907,0.16351488851049495,0.3153904234843793,0.31588237671070607,0.9010636203082991,0.9010261635721466,0.9016072624995385,0.4254858046769731,0.17006664389151688,0.3324832656973367,0.3321589563157853,0.9018888013557927,0.9021261644450737,0.9021188181544108,529.151713848114
samsum,opt-2.7b,top-k sampling,0.4022044986463873,0.1341987893802673,0.30167478038453244,0.30274236720453285,0.8959675777105638,0.893672322049553,0.8986629549367928,0.39984582865645746,0.14826912037111023,0.30854782874743264,0.3080365000299879,0.8975520270793574,0.8962895715192998,0.8992550283561259,565.1171357631683
samsum,opt-6.7b,beam search,0.5118782297828641,0.2656824599312079,0.43659889961381887,0.4358453410856108,0.9180919550083302,0.9244864722828806,0.9122947020295226,0.5100923194962835,0.2896155983186557,0.4415398429094337,0.44175692487723717,0.9188782713934325,0.9272880602232266,0.911138126410553,1691.440519809723
samsum,opt-6.7b,contrastive search,0.5189221426672376,0.2676897241226412,0.43348870812887974,0.4337677185870933,0.9178769934324571,0.9193405913717952,0.916843146453669,0.5059561369176659,0.26870063528610777,0.42709861555278494,0.4264615687865293,0.9169284399321374,0.9216514357862601,0.9127695601938408,1099.2974095344543
samsum,opt-6.7b,beam search multinomial sampling,0.5043458688096427,0.26297352806173213,0.4280868896998401,0.429436507888851,0.9170216741385283,0.9237768900247267,0.9109382872228269,0.5047905654743114,0.2789726595956048,0.43469400378593603,0.43494130478179305,0.9172112114263542,0.9251652803176489,0.9099268892891387,1735.3649694919586
samsum,opt-6.7b,grouped beam search,0.5011887088735041,0.2572090902486785,0.42629187957718817,0.42593489283679803,0.9169740250081192,0.9232604290232246,0.9112589425510831,0.5040135176694771,0.27447530551451893,0.43270046011457974,0.432576427570452,0.9173539489762396,0.9262567906298189,0.9091183124735533,1623.5239613056183
samsum,opt-6.7b,beam search top-k sampling,0.5044939590034222,0.2654800864872754,0.42709109996138833,0.4276035073806458,0.9169509572747313,0.9210411825297792,0.9133955733275708,0.5099590507635894,0.27522803726345557,0.43296064500458425,0.43268686803020984,0.9176926587381934,0.9234024070849203,0.9125687870787177,1038.4385917186737
samsum,opt-6.7b,greedy decoding,0.5118512394767805,0.2621781969933492,0.4260389746474627,0.42659456839200655,0.9163519394250563,0.9176533685790168,0.9155124425888062,0.5063510779759397,0.2712253067414763,0.42894048745077024,0.4284012477514635,0.9169507813395452,0.9216484167636969,0.9128139291199718,586.9365680217743
samsum,opt-6.7b,top-p nucleus multinomial sampling,0.47879650878986146,0.22887952588858787,0.3953265451103578,0.3932164463763777,0.9116992943080855,0.911485606505547,0.9124020014280154,0.48353330452838755,0.23757255812913325,0.39976376277920916,0.39972108160301106,0.9128212739550878,0.9159630791026012,0.910195792623783,657.2785050868988
samsum,opt-6.7b,top-p nucleus top-k sampling,0.4678352474127083,0.23562905982639618,0.3936484169255584,0.3935354713555324,0.9105702704853482,0.9118042720688714,0.9098619244716786,0.49264715954008936,0.25169931931617173,0.41086451357600534,0.410558956593597,0.9152735838523278,0.9187477118948586,0.9123264532968384,645.7723734378815
samsum,opt-6.7b,truncation multinomial sampling,0.45105885114021715,0.19096996941690375,0.3691148026040981,0.36805570907233787,0.9085801751525314,0.9087660687941091,0.9089534805144792,0.4739422182501998,0.22857243900695107,0.38871187835867715,0.3879880534262664,0.9116509959956811,0.9153445745853569,0.908508121603429,634.5075001716614
samsum,opt-6.7b,multinomial sampling,0.45321264811683765,0.20638651168328603,0.36651806996036473,0.3655559668688921,0.907256563504537,0.9057428608705969,0.9093018542101354,0.454952644902343,0.20327758654944247,0.3679593188718603,0.3676834561899793,0.9088401687450898,0.9109356668988136,0.9073053791263892,647.6328871250153
samsum,opt-6.7b,top-k sampling,0.4155788128991455,0.16852640699396057,0.3304379158225397,0.329593179488473,0.9012872267652441,0.8996551125137894,0.9033874074618021,0.42411853787787357,0.1727302027603216,0.33707329104556594,0.3368601677329932,0.9025078462448167,0.9033334481556046,0.9021397634740278,712.252739906311
samsum,opt-13b,beam search top-k sampling,0.5025758059083119,0.26059229465995504,0.4147230924293258,0.41548323779946517,0.9160456826657425,0.9153600600030687,0.9171466135684355,0.5063577822814462,0.26406534441241125,0.4208700783735516,0.4203883716728582,0.9164139910786434,0.9173324475649367,0.9160449749384171,2413.9252343177795
samsum,opt-13b,beam search,0.4869618835193674,0.25594488090331424,0.42141394227885665,0.422322251234169,0.9147042359834836,0.9204004451080605,0.9095565912164287,0.5036190225547545,0.2764396576396667,0.43024709107563275,0.42997149910263943,0.9175220644226587,0.9257505241331163,0.9099561822428953,2510.2741792201996
samsum,opt-13b,beam search multinomial sampling,0.4813654831173728,0.2407849150083753,0.41280029753545555,0.4116832291418211,0.9136735730701022,0.923746743319947,0.9042378767037097,0.4940437032425176,0.2629412648435545,0.4203744286570212,0.41999088582157273,0.9157985639513921,0.9250310395954584,0.9072673477969326,2676.0831751823425
samsum,opt-13b,grouped beam search,0.47010341651971055,0.24778640501621912,0.41162690455970297,0.41004455816336743,0.9130118842478152,0.9182320487352065,0.9082987720583692,0.497884649740924,0.26827483256217244,0.42321092961599216,0.4232663891839449,0.9159207219605917,0.9223777619764773,0.9100758651674012,2574.4709174633026
samsum,opt-13b,contrastive search,0.4649090812452016,0.2311729181120441,0.3979186627119442,0.39595584179397864,0.9113128935849225,0.9144667593049415,0.9086489375726676,0.5010527979794196,0.26162626079922346,0.42066803391959096,0.42048849185544007,0.9156812554605133,0.9207242281882317,0.9111962522924747,1792.239829301834
samsum,opt-13b,greedy decoding,0.4624316393343427,0.2269693466576579,0.39892817593827906,0.39694119036578523,0.9111134034615976,0.9145315179118404,0.908223827679952,0.4906107714757859,0.24346160306608297,0.4082268701826347,0.408277272068271,0.9136112761002612,0.918797924696162,0.9089668031431671,1095.276240348816
samsum,opt-13b,top-p nucleus multinomial sampling,0.45777574742826804,0.22027392124387596,0.3765316305999824,0.37578104672913293,0.9090059944141058,0.9110821375140438,0.9073785138718876,0.47835026832854005,0.2332946224655208,0.39240962682124236,0.39240044851910083,0.9121498723897596,0.9154555024681511,0.9093556361175137,1135.8557500839233
samsum,opt-13b,top-p nucleus top-k sampling,0.43579453882466096,0.19919644332561254,0.36435625282983475,0.3642366030430375,0.9079685807228088,0.911149779955546,0.9053171895168446,0.4579940154357034,0.2010806229462211,0.364313343022697,0.36404100639629966,0.9088288197732816,0.9111619115749121,0.906976338198479,1184.729407787323
samsum,opt-13b,truncation multinomial sampling,0.44520026305443416,0.184911580466795,0.36063311751314886,0.359691648105098,0.9046168327331543,0.9044633036778297,0.9051835301481648,0.44441403396813706,0.19785219422456965,0.36059942216253116,0.36028458877881253,0.9051438154463949,0.9082379314925645,0.9025356549046415,1165.234138727188
samsum,opt-13b,multinomial sampling,0.4301106353706703,0.1905601915354082,0.35435499476792215,0.35308937668569607,0.9032897456192676,0.9035731627617354,0.9035532253759878,0.4603566089395488,0.21245549457462914,0.3765648442277035,0.3767499115382863,0.9089395133858054,0.9121313106737149,0.9062274782503336,1169.4085528850555
samsum,opt-13b,top-k sampling,0.3810642916622815,0.13172818744563652,0.2969316844367597,0.2985072234728872,0.8945809889722753,0.8919091364483774,0.8976581700054216,0.39101230049928426,0.1448995560357307,0.30290081089336846,0.3029538075912804,0.8961461474607278,0.8962590676960928,0.8964849212667444,1262.566727399826
samsum,opt-30b,beam search multinomial sampling,0.497507740762401,0.26254938176657344,0.42885503493804755,0.4274088458131641,0.9167191202257886,0.9227183917422354,0.9112872503421925,0.48433822238238566,0.2509161755969549,0.41048564347613364,0.41055699058544404,0.914214542569986,0.9227293987413903,0.9063540123612307,4708.941592931747
samsum,opt-30b,beam search,0.4906370258728549,0.25971786284649206,0.4165473341789386,0.4176746456386714,0.9151470609653143,0.919422447681427,0.9115178364294546,0.4880975172391906,0.25974521912263504,0.4153741863287215,0.415821563884041,0.9139904892197168,0.9202140445237631,0.9084220844456273,3178.2479515075684
samsum,opt-30b,grouped beam search,0.48976966892368323,0.25955281465104163,0.4157646669749874,0.4166422292111712,0.9148678345444762,0.919219869154471,0.9111643882445347,0.48758464695921055,0.2585222633431798,0.4148933379964027,0.41537425058674093,0.9140577222401406,0.9204249712428185,0.9083375432261326,4532.978989601135
samsum,opt-30b,beam search top-k sampling,0.5054838104213495,0.27115893953072245,0.43308507653884565,0.432243420131702,0.9145541161666682,0.9131823940041625,0.9165156763276936,0.4952636248173149,0.25541181375291033,0.41400184484484914,0.4140529565231933,0.9142665735676757,0.9159446944538344,0.9131757109010904,4385.986318349838
samsum,opt-30b,contrastive search,0.499231419227509,0.25465553685838127,0.41945555421302133,0.4186034251429583,0.9140933185447881,0.9152992021890334,0.9134733706344793,0.4781179501716837,0.23088623053534713,0.3928504484376907,0.39306227227881685,0.911085681130282,0.9151242342543865,0.9076064457362255,7291.172905445099
samsum,opt-30b,greedy decoding,0.4828631769574605,0.24605367108946277,0.4153132334836235,0.4149375471555756,0.9126776890990175,0.9142547404324567,0.9116843342781067,0.47967598998769234,0.23642098344732104,0.39740677500560373,0.3975878116495929,0.9115573370849693,0.915629245277144,0.9080422084701222,1989.9593045711517
samsum,opt-30b,top-p nucleus top-k sampling,0.47841770335166967,0.2190402930194595,0.38338150093137635,0.38184628409742827,0.910565929648317,0.9117423546167067,0.9100074238247342,0.46630334964218534,0.21628340285692843,0.3782606438022732,0.3782623677435779,0.9093581932950515,0.913273252046443,0.9059657201225504,2009.5897951126099
samsum,opt-30b,truncation multinomial sampling,0.45689307900475085,0.21970201094692893,0.3828912296747584,0.3840089687136364,0.9096833504276511,0.9117072769153265,0.908115608456694,0.46989383117189765,0.21911252807830411,0.38158149158420396,0.3818387535969503,0.9105627491651729,0.9143338986514398,0.9073059133120945,1982.42130112648
samsum,opt-30b,top-p nucleus multinomial sampling,0.4582108731415706,0.21417025984905047,0.3732801519449112,0.371538307794516,0.9074105576232627,0.9096849818288544,0.9056277657732551,0.45835816333073465,0.2041701688671862,0.3690566651937184,0.36972136837804725,0.9081313977602492,0.9114994069741031,0.9053075448206201,2011.0097057819366
samsum,opt-30b,multinomial sampling,0.45076529913983,0.19647328727342525,0.35864746811107395,0.3593304976277048,0.9060848362651872,0.9055013097362754,0.9071189908333767,0.4518918693647508,0.19545274244965383,0.3623278396983304,0.3626309677037226,0.9070483103339926,0.9102561449102139,0.9043488581829746,2023.8426640033722
samsum,opt-30b,top-k sampling,0.43660112634814957,0.17992368565846378,0.3520856086956785,0.35143791075498076,0.9025687119107187,0.9019500068676325,0.9036462741133607,0.4297515837879189,0.1821709447334111,0.3408848300196027,0.34086084933947125,0.9021217423480946,0.9045245562280927,0.9001964614504859,2050.3773880004883
