dataset,model,type,validation.rouge1,validation.rouge2,validation.rougeL,validation.rougeLsum,validation.bertscore_f1,validation.bertscore_precision,validation.bertscore_recall,test.rouge1,test.rouge2,test.rougeL,test.rougeLsum,test.bertscore_f1,test.bertscore_precision,test.bertscore_recall,test.total_time
xsum,opt-125m,grouped beam search,0.292816438,0.091702476,0.241432422,0.242685856,0.886358522,0.895428195,0.877722714,0.30531507,0.102313596,0.244190396,0.244171878,0.881388447,0.892553224,0.870840105,3970.74614
xsum,opt-125m,beam search top-k sampling,0.296677181,0.097971077,0.241844793,0.243522051,0.885444887,0.893000576,0.878258198,0.300814927,0.101481628,0.241824036,0.241775335,0.87950332,0.889501436,0.870117154,1760.145068
xsum,opt-125m,beam search,0.298628758,0.094474409,0.241899083,0.24289351,0.884745631,0.892989496,0.876931449,0.303722773,0.10262865,0.243197715,0.243208926,0.881495182,0.892772381,0.870851499,3950.780125
xsum,opt-125m,beam search multinomial sampling,0.291574408,0.09089012,0.232177643,0.233825309,0.883266731,0.890568622,0.876358231,0.300711537,0.10098043,0.241556348,0.241544034,0.879566855,0.889919726,0.869848058,2756.573619
xsum,opt-125m,greedy decoding,0.285630063,0.084637142,0.227910294,0.229319453,0.882088993,0.88738447,0.87711146,0.300738157,0.095525219,0.238006292,0.237994477,0.877745856,0.885136568,0.870852873,577.2207663
xsum,opt-125m,contrastive search,0.277237286,0.074945711,0.221507126,0.223081065,0.880145059,0.885926379,0.874685027,0.295145159,0.089104692,0.23269765,0.232709123,0.876249128,0.883446,0.869540068,1615.232112
xsum,opt-125m,multinomial sampling,0.268453434,0.064642443,0.206195346,0.207090496,0.876010194,0.87850074,0.873823884,0.275553856,0.074730209,0.213923578,0.213954648,0.871605924,0.876488894,0.867128179,1131.714077
xsum,opt-125m,top-k sampling,0.26522974,0.066075594,0.207585111,0.208128492,0.875249445,0.878536515,0.872209562,0.270544079,0.070728178,0.208686174,0.20871624,0.870635348,0.875208847,0.866454315,1136.399944
xsum,opt-125m,top-p nucleus top-k sampling,0.254407339,0.060342705,0.197402731,0.197601133,0.873468229,0.875424785,0.871824116,0.266963596,0.068772871,0.205081508,0.205143195,0.870586457,0.875070446,0.866474297,635.8790107
xsum,opt-125m,top-p nucleus multinomial sampling,0.260268296,0.064168965,0.195435097,0.195666639,0.872404882,0.873501708,0.871602216,0.262314216,0.063912301,0.202014421,0.202084153,0.868272546,0.872231475,0.864687866,1186.267533
xsum,opt-125m,truncation multinomial sampling,0.253935583,0.057281595,0.197124437,0.197128907,0.869093913,0.869719779,0.868685735,0.258579979,0.063056191,0.198514227,0.198520754,0.867580808,0.870862493,0.864658398,1189.974739
xsum,opt-350m,beam search multinomial sampling,0.321005453,0.109004875,0.25963207,0.259465135,0.890987839,0.900583614,0.881897855,0.323913969,0.116347692,0.260887793,0.260774195,0.886701347,0.897929284,0.876094353,8886.562769
xsum,opt-350m,grouped beam search,0.321127116,0.109475893,0.256823607,0.256725218,0.890233319,0.897058752,0.883755178,0.331087858,0.119863896,0.264992077,0.264931471,0.886566023,0.895259609,0.878393947,6932.331344
xsum,opt-350m,beam search,0.312945662,0.107614037,0.252894945,0.253326592,0.889721976,0.897274955,0.882540599,0.326186729,0.121428417,0.263712252,0.263715535,0.887270252,0.897651926,0.877474665,8638.131443
xsum,opt-350m,beam search top-k sampling,0.308856974,0.09962298,0.246806541,0.246812608,0.888378618,0.894622692,0.882460118,0.320398066,0.111022452,0.256413534,0.256288473,0.88521303,0.893688822,0.877233796,4145.705343
xsum,opt-350m,contrastive search,0.311884024,0.098490878,0.245948907,0.24534504,0.885494545,0.890419757,0.880899837,0.31955599,0.106619509,0.252778855,0.252774522,0.882529732,0.888547066,0.876957187,4039.239914
xsum,opt-350m,greedy decoding,0.310456396,0.09750138,0.242668362,0.242334367,0.884858996,0.88902912,0.880986769,0.319997995,0.106611246,0.252958024,0.252943256,0.882533784,0.888527113,0.876988192,2377.056632
xsum,opt-350m,top-p nucleus top-k sampling,0.308509222,0.089987369,0.236376366,0.236215095,0.88294516,0.885970718,0.88018653,0.308508881,0.09785512,0.240486,0.240459758,0.880730348,0.885901235,0.875960369,2083.081023
xsum,opt-350m,multinomial sampling,0.293190305,0.084001576,0.227970411,0.227771979,0.882533452,0.884423567,0.880889359,0.298430326,0.091401359,0.233123778,0.23313493,0.878392966,0.882696247,0.874476819,2592.793597
xsum,opt-350m,truncation multinomial sampling,0.285040512,0.076246079,0.220269406,0.22092456,0.880814316,0.883907927,0.877973957,0.297529278,0.089916443,0.230776891,0.230790727,0.878392915,0.882617533,0.874539146,2583.27585
xsum,opt-350m,top-p nucleus multinomial sampling,0.284594391,0.078046349,0.224889862,0.224188587,0.879868018,0.88158762,0.878503139,0.29303167,0.084797686,0.228552819,0.228562928,0.876426683,0.880601117,0.872638843,2475.702011
xsum,opt-350m,top-k sampling,0.265365866,0.077740409,0.20296129,0.202965612,0.87695543,0.876136235,0.878066073,0.26335958,0.067362575,0.201454806,0.201440143,0.869948427,0.871264074,0.86896571,2560.954546
xsum,opt-1.3b,beam search,0.381473484,0.156726739,0.307907101,0.306420492,0.903127638,0.910304173,0.896319513,0.381165216,0.1650476,0.311599925,0.311583447,0.898800377,0.907959188,0.89015956,10792.09815
xsum,opt-1.3b,grouped beam search,0.375209921,0.154902705,0.31449496,0.313565176,0.902631027,0.909093288,0.896517627,0.37896946,0.161014266,0.308680314,0.308659252,0.899135797,0.908108606,0.890653572,15893.76622
xsum,opt-1.3b,beam search multinomial sampling,0.377344186,0.154654539,0.307992794,0.306791092,0.902263702,0.910157004,0.894792283,0.374827463,0.158695772,0.306934839,0.30686128,0.898059821,0.907726961,0.888921842,11216.84552
xsum,opt-1.3b,beam search top-k sampling,0.363077865,0.140981187,0.291392609,0.290803213,0.901261591,0.908764358,0.894126389,0.377330894,0.159427903,0.307507796,0.307405239,0.897977443,0.906778884,0.889679304,8969.183004
xsum,opt-1.3b,contrastive search,0.36645168,0.142175275,0.2974955,0.296541702,0.898831801,0.903197592,0.894782549,0.381144626,0.160385014,0.308421247,0.308299262,0.897084601,0.902962782,0.891627823,8963.810535
xsum,opt-1.3b,greedy decoding,0.368206544,0.143831597,0.297995539,0.297661806,0.897695055,0.900899567,0.894800087,0.381318775,0.160317469,0.308004755,0.307925778,0.897135776,0.902996516,0.891696962,3634.945078
xsum,opt-1.3b,top-p nucleus top-k sampling,0.332851409,0.115827623,0.266584796,0.265557888,0.893142237,0.89564962,0.89090257,0.360009732,0.139315879,0.286618419,0.286566888,0.893241343,0.897840499,0.889025444,4304.959743
xsum,opt-1.3b,multinomial sampling,0.333876352,0.124609241,0.276458111,0.276703857,0.892088781,0.892596959,0.891817349,0.346545296,0.128432422,0.274137407,0.274168966,0.890348541,0.893872071,0.887178348,4183.349047
xsum,opt-1.3b,top-p nucleus multinomial sampling,0.332597473,0.111297701,0.265085408,0.263063126,0.891408077,0.893651362,0.889420567,0.35019672,0.132199741,0.278216415,0.278149557,0.891544128,0.895398091,0.888051945,3923.535448
xsum,opt-1.3b,top-k sampling,0.275718251,0.081176186,0.215461472,0.215134959,0.884404136,0.88244396,0.886640141,0.265051749,0.080764811,0.209441394,0.209452906,0.879668549,0.87961742,0.880011299,3951.776463
xsum,opt-1.3b,truncation multinomial sampling,0.30155592,0.089817897,0.224530907,0.22424174,0.884199642,0.882757795,0.885917582,0.305531404,0.097354128,0.238259776,0.238231252,0.881370298,0.882050775,0.881015149,4457.758588
xsum,opt-2.7b,beam search top-k sampling,0.413704782,0.180294245,0.33748981,0.336182438,0.909628863,0.917148786,0.902475852,0.408370929,0.192485077,0.338206524,0.33809431,0.904881443,0.913059201,0.897167114,14552.22469
xsum,opt-2.7b,beam search multinomial sampling,0.397665176,0.168079344,0.320152997,0.318756326,0.909155767,0.917561864,0.901180716,0.407845022,0.1928183,0.339037087,0.338917869,0.904666605,0.913500523,0.89632964,18297.45244
xsum,opt-2.7b,grouped beam search,0.409000886,0.179559323,0.334469272,0.332553773,0.908486377,0.914449978,0.902827999,0.406428873,0.187349664,0.336272055,0.3362392,0.904807404,0.913167034,0.896893379,40494.35109
xsum,opt-2.7b,beam search,0.399435923,0.174147171,0.323464169,0.321158941,0.908078845,0.913743918,0.902783581,0.41138212,0.191803132,0.339246365,0.339148297,0.904676127,0.911706126,0.898067558,9752.02212
xsum,opt-2.7b,contrastive search,0.400246149,0.169231856,0.317289411,0.315511679,0.905466696,0.90903877,0.902171613,0.405518183,0.184197738,0.332178167,0.332025406,0.902985325,0.908650751,0.897692539,9548.114403
xsum,opt-2.7b,greedy decoding,0.393074148,0.165718778,0.31288109,0.311755347,0.903706957,0.90709106,0.900606742,0.40654216,0.184984778,0.332578633,0.332426848,0.903037559,0.908657041,0.89779431,4963.021343
xsum,opt-2.7b,top-p nucleus top-k sampling,0.367046725,0.145752926,0.300261892,0.299384506,0.900280665,0.903462948,0.897359863,0.383115784,0.161858353,0.309250528,0.309214454,0.898906476,0.9033218,0.894843992,5664.026837
xsum,opt-2.7b,multinomial sampling,0.361172858,0.135555433,0.285342831,0.283963704,0.898856861,0.901157982,0.896763893,0.371440421,0.151880322,0.298874504,0.298968187,0.896305238,0.899821054,0.893128216,5556.08932
xsum,opt-2.7b,top-k sampling,0.356721813,0.133364267,0.282341354,0.28114035,0.898493136,0.900902549,0.896298944,0.372941446,0.15326024,0.299960189,0.299982505,0.896424644,0.899833817,0.893345716,5605.745183
xsum,opt-2.7b,top-p nucleus multinomial sampling,0.357231345,0.133108461,0.285639769,0.284798525,0.898257126,0.900598655,0.896089533,0.375309963,0.155524377,0.301885071,0.301984446,0.89753653,0.901460899,0.893952596,5317.794791
xsum,opt-2.7b,truncation multinomial sampling,0.342556206,0.1215541,0.270196513,0.269344856,0.895589291,0.897038429,0.894354161,0.362633475,0.142050439,0.288641451,0.288496988,0.894016174,0.896968239,0.891392409,5669.826585
xsum,opt-6.7b,beam search multinomial sampling,0.416650649,0.188070471,0.340481627,0.339643774,0.909984754,0.915789591,0.904477717,0.413512315,0.196238995,0.344030778,0.344049036,0.906018854,0.914935268,0.897574356,26566.45426
xsum,opt-6.7b,grouped beam search,0.425467174,0.194297807,0.339541463,0.339496335,0.909649357,0.913633745,0.905963871,0.426859529,0.209542422,0.355475391,0.355438227,0.90776421,0.915251234,0.900722523,19912.02255
xsum,opt-6.7b,beam search,0.424620541,0.187467185,0.338315737,0.337978953,0.909270679,0.912985037,0.905806321,0.424142443,0.204077714,0.35013334,0.350148193,0.907045581,0.913873849,0.900631328,12692.86021
xsum,opt-6.7b,beam search top-k sampling,0.399627771,0.169240308,0.328457031,0.328078406,0.905341947,0.910837674,0.900163438,0.421234865,0.202375674,0.349771874,0.349809298,0.9071242,0.915798716,0.898926193,26808.58934
xsum,opt-6.7b,greedy decoding,0.39957645,0.168359181,0.321630896,0.321297511,0.904882213,0.907280906,0.902727842,0.419894908,0.198323144,0.344877061,0.344826796,0.905628853,0.910959828,0.900670015,7045.190666
xsum,opt-6.7b,contrastive search,0.406619027,0.170550757,0.331336406,0.331336785,0.904632362,0.906654573,0.902870829,0.412445522,0.190970744,0.338978408,0.338983348,0.903439359,0.90817859,0.89905936,40365.53132
xsum,opt-6.7b,top-p nucleus top-k sampling,0.374120346,0.143564928,0.294884307,0.293631537,0.90222897,0.904623312,0.900097687,0.399504444,0.177466089,0.323687393,0.323690081,0.902162238,0.906432375,0.898228974,7564.561765
xsum,opt-6.7b,multinomial sampling,0.359393837,0.142343557,0.285995748,0.28368453,0.900274332,0.901528644,0.899243465,0.381862765,0.161192983,0.306399998,0.306373262,0.898509171,0.901609921,0.895733409,7410.043398
xsum,opt-6.7b,truncation multinomial sampling,0.37758609,0.155907926,0.301434243,0.300032424,0.900023394,0.900141308,0.900241163,0.377297497,0.156313378,0.302911904,0.302853007,0.897606186,0.90047841,0.895067213,7914.857361
xsum,opt-6.7b,top-k sampling,0.369163996,0.146777126,0.298003546,0.296389269,0.896581479,0.896434115,0.897011486,0.373958508,0.151492551,0.299180687,0.299217327,0.896432052,0.898931256,0.894248734,7824.376697
xsum,opt-6.7b,top-p nucleus multinomial sampling,0.340204447,0.123361812,0.268605652,0.267552182,0.895041244,0.895712523,0.894633567,0.360897471,0.140442091,0.286748636,0.286715029,0.893728612,0.895622501,0.89213983,8267.45243
xsum,opt-13b,beam search top-k sampling,0.421842343,0.192305896,0.34503613,0.347192866,0.912239179,0.919834695,0.905012599,0.405391838,0.190586029,0.337103031,0.33712808,0.904429378,0.913574859,0.89580448,32583.1255
xsum,opt-13b,beam search,0.410119137,0.191564653,0.338491095,0.341688543,0.910071496,0.918300509,0.902257326,0.408228243,0.193001749,0.337960316,0.337979028,0.904636057,0.913467672,0.89631413,33303.62624
xsum,opt-13b,beam search multinomial sampling,0.413416617,0.186840484,0.341334876,0.342839377,0.90985688,0.916820786,0.903277929,0.401225599,0.185368916,0.330792678,0.330834684,0.901895806,0.908514221,0.895829054,24076.97078
xsum,opt-13b,contrastive search,0.416025545,0.181135289,0.33654211,0.33829374,0.90956133,0.9142372,0.905178161,0.40322451,0.182711847,0.330208901,0.330160145,0.901925603,0.907645567,0.896632859,19889.95912
xsum,opt-13b,grouped beam search,0.418240764,0.185313621,0.340400334,0.342240432,0.909498102,0.914101842,0.905252134,0.40466593,0.1858568,0.332428038,0.332368249,0.902882259,0.908754209,0.897438153,29279.40938
xsum,opt-13b,greedy decoding,0.415014512,0.184833623,0.338039884,0.339363923,0.909263818,0.913953211,0.904884882,0.403431755,0.182401576,0.329933194,0.329928874,0.901912403,0.907523261,0.89672861,10871.15365
xsum,opt-13b,truncation multinomial sampling,0.376523151,0.145442188,0.298259737,0.300161175,0.902624088,0.904036817,0.901460611,0.374898238,0.155493135,0.3009821,0.301078322,0.897236327,0.901185903,0.893654503,11014.72632
xsum,opt-13b,top-p nucleus top-k sampling,0.371307895,0.142998625,0.30292067,0.303826715,0.901282001,0.903856206,0.898964874,0.381256459,0.160723941,0.307573287,0.307608179,0.897546817,0.901719069,0.893766684,11515.9818
xsum,opt-13b,top-p nucleus multinomial sampling,0.363431815,0.137934199,0.291081499,0.293140603,0.897452417,0.898821566,0.896363157,0.365829327,0.147108727,0.292513941,0.292680169,0.895123304,0.898449714,0.892158106,11703.49293
xsum,opt-13b,multinomial sampling,0.346642096,0.115685405,0.276544807,0.277215333,0.896346455,0.895631646,0.897269588,0.340348883,0.127043085,0.269502887,0.269485724,0.889033172,0.890349227,0.888067942,11832.7776
xsum,opt-13b,top-k sampling,0.309572623,0.104212657,0.236878976,0.237250369,0.888467716,0.886740018,0.890491413,0.324177612,0.113661195,0.253907535,0.253976874,0.885513669,0.885860487,0.885510519,12151.81928
xsum,opt-30b,beam search top-k sampling,0.411013116,0.183277485,0.340615772,0.341963556,0.9087549,0.915599049,0.902285285,0.418163679,0.201257255,0.348041198,0.34811901,0.906428995,0.915734184,0.897652893,71607.64268
xsum,opt-30b,beam search,0.404850107,0.173221063,0.332487003,0.333224305,0.907668,0.912342876,0.903290246,0.419019569,0.199237726,0.345766858,0.345711734,0.906022772,0.913297445,0.899211096,39964.09454
xsum,opt-30b,beam search multinomial sampling,0.401497994,0.170051515,0.327186124,0.328219148,0.907428703,0.913883114,0.901374338,0.416125437,0.199524544,0.345806022,0.345788716,0.905494693,0.913884369,0.897630671,74636.83913
xsum,opt-30b,grouped beam search,0.400522099,0.173232284,0.330530248,0.332601926,0.907368562,0.914199902,0.900920004,0.412282521,0.193083162,0.338937853,0.339069464,0.905478626,0.91459016,0.896875107,59338.83077
xsum,opt-30b,contrastive search,0.39182742,0.161265037,0.317528981,0.317430385,0.905221517,0.909395209,0.901363715,0.415043879,0.193415426,0.341119473,0.341184715,0.90455539,0.910292759,0.899234044,39967.72084
xsum,opt-30b,greedy decoding,0.379188212,0.150292395,0.309520788,0.309934906,0.901427158,0.904500444,0.898651674,0.404524313,0.182001485,0.331081168,0.331105129,0.902097122,0.907178019,0.897426256,25231.2059
xsum,opt-30b,top-p nucleus top-k sampling,0.372232115,0.150298608,0.298990219,0.299183071,0.899449345,0.90152434,0.897644198,0.387878621,0.165302998,0.313495788,0.313481916,0.898979301,0.902887787,0.895459338,25894.46219
xsum,opt-30b,top-p nucleus multinomial sampling,0.360210977,0.135477274,0.28268736,0.283200163,0.897904909,0.899768744,0.896356818,0.385332408,0.16487992,0.310459707,0.310478279,0.899118234,0.902819031,0.89578761,25799.30015
xsum,opt-30b,truncation multinomial sampling,0.353226922,0.133967671,0.289174575,0.290192564,0.897576351,0.900410474,0.894966331,0.374512128,0.155229347,0.300818013,0.300809857,0.896881622,0.900135756,0.893989044,26449.12166
xsum,opt-30b,multinomial sampling,0.332586858,0.121392684,0.262864295,0.264178798,0.893207333,0.892710645,0.893992641,0.352370707,0.135073501,0.279448079,0.279484142,0.891521405,0.892972956,0.890414067,27001.15268
xsum,opt-30b,top-k sampling,0.326963421,0.102919465,0.249632277,0.250722277,0.892304645,0.891395744,0.893460354,0.332497044,0.119005278,0.261259034,0.261362593,0.887382598,0.887506379,0.887592272,27860.00323
cnn_dailymail,opt-125m,beam search top-k sampling,0.380628974,0.17679801,0.281386904,0.356337128,0.872626585,0.882506792,0.863316544,0.346001176,0.154119071,0.251681428,0.321658674,0.865678381,0.876419425,0.855662888,2611.119255
cnn_dailymail,opt-125m,beam search multinomial sampling,0.354191314,0.164076172,0.266106488,0.331234993,0.868089429,0.881131433,0.855962099,0.339485126,0.151031403,0.248623364,0.315304102,0.865530393,0.877857452,0.854036254,3288.106297
cnn_dailymail,opt-125m,beam search,0.3421098,0.126837626,0.234013574,0.316213573,0.867853059,0.884237787,0.852469799,0.32494288,0.115185301,0.224236942,0.304895548,0.863288606,0.878553507,0.848919806,4104.52158
cnn_dailymail,opt-125m,greedy decoding,0.374046216,0.161121989,0.274545356,0.349594987,0.867667844,0.875102673,0.860675591,0.351189374,0.145782095,0.249560927,0.328901832,0.863802708,0.871414689,0.856670474,614.4852057
cnn_dailymail,opt-125m,contrastive search,0.374330962,0.158581785,0.265199681,0.352000286,0.86752382,0.870406692,0.865003674,0.353546949,0.14482699,0.247045373,0.330863208,0.864489493,0.868225082,0.861167751,4272.109805
cnn_dailymail,opt-125m,grouped beam search,0.341058665,0.12793602,0.23418033,0.314323177,0.86735327,0.88434421,0.851402223,0.323244646,0.1142847,0.223966205,0.303339959,0.862832658,0.878743071,0.847846224,4900.030903
cnn_dailymail,opt-125m,top-p nucleus top-k sampling,0.332470627,0.109604675,0.218438266,0.311831311,0.860106538,0.865784332,0.854805462,0.326737759,0.104819743,0.214058167,0.305780024,0.85896211,0.866079295,0.852281164,2367.136979
cnn_dailymail,opt-125m,top-k sampling,0.315037056,0.08882548,0.204870125,0.298176133,0.857970779,0.865703031,0.850696098,0.312821096,0.088021583,0.199616882,0.29164955,0.855683074,0.862688461,0.849106496,2300.502773
cnn_dailymail,opt-125m,multinomial sampling,0.307007213,0.082234401,0.201814839,0.285447522,0.855056918,0.866978298,0.843757264,0.303553688,0.083537027,0.197331806,0.282381231,0.853758712,0.864044667,0.843990983,1198.027467
cnn_dailymail,opt-125m,top-p nucleus multinomial sampling,0.284428654,0.080585317,0.184617138,0.265643754,0.854909634,0.859969897,0.850104297,0.276307606,0.0777769,0.180803064,0.258019095,0.854089348,0.859936397,0.848597088,1092.490287
cnn_dailymail,opt-125m,truncation multinomial sampling,0.29521118,0.069874821,0.186933246,0.275603734,0.851885844,0.861936196,0.842386119,0.288830156,0.064919519,0.18317994,0.267079506,0.850358812,0.8609125,0.840322956,1123.677724
cnn_dailymail,opt-350m,grouped beam search,0.380018351,0.172404836,0.278104209,0.355390606,0.871468063,0.877078495,0.866323014,0.372429992,0.16815885,0.265342284,0.346984217,0.869551688,0.874854561,0.864793698,10528.37059
cnn_dailymail,opt-350m,beam search top-k sampling,0.374615735,0.16995684,0.273693994,0.34709347,0.870886703,0.88353692,0.859003176,0.352440424,0.160130318,0.257395417,0.328326247,0.86784752,0.879154204,0.857305741,9340.851718
cnn_dailymail,opt-350m,beam search,0.338718057,0.115464123,0.234215559,0.319306879,0.870582968,0.88750547,0.8546733,0.323491032,0.105639929,0.219464144,0.301633137,0.865971335,0.882564498,0.850305375,14229.94117
cnn_dailymail,opt-350m,beam search multinomial sampling,0.331044504,0.119991808,0.235364203,0.312925515,0.869883717,0.889016567,0.85184073,0.315600719,0.10421794,0.216665739,0.294438076,0.86522079,0.883686448,0.847850045,14683.0691
cnn_dailymail,opt-350m,contrastive search,0.382343361,0.160862473,0.260454097,0.357037281,0.869634412,0.87049361,0.869154648,0.371456357,0.159798363,0.259311699,0.348376946,0.868288563,0.87065268,0.866322562,10694.13212
cnn_dailymail,opt-350m,truncation multinomial sampling,0.362855534,0.143290925,0.241788754,0.338875475,0.868420081,0.871416808,0.865752233,0.356949372,0.139118902,0.23864937,0.333909764,0.866238388,0.869960943,0.862902168,3192.918796
cnn_dailymail,opt-350m,greedy decoding,0.370573781,0.15929569,0.261452069,0.347289283,0.86824358,0.876385004,0.860529807,0.365047559,0.157565226,0.258863897,0.342474355,0.867209318,0.876153391,0.858782424,1890.983126
cnn_dailymail,opt-350m,top-p nucleus top-k sampling,0.337621294,0.096543568,0.214826248,0.312035475,0.862935482,0.868278985,0.85791602,0.331213885,0.09882715,0.210334822,0.308572895,0.860200865,0.865103761,0.855668633,4792.172108
cnn_dailymail,opt-350m,multinomial sampling,0.339175257,0.105819497,0.218596747,0.316878245,0.861048961,0.864982082,0.857399662,0.335437063,0.10719301,0.215496974,0.312891077,0.86133347,0.866221107,0.856816071,4426.408971
cnn_dailymail,opt-350m,top-p nucleus multinomial sampling,0.313443542,0.083694774,0.201974461,0.294853253,0.856235906,0.861326295,0.851467596,0.310730346,0.082209266,0.192885366,0.287343964,0.855322842,0.860084467,0.850887296,3817.975
cnn_dailymail,opt-350m,top-k sampling,0.288311522,0.064527675,0.176380753,0.268418336,0.850189966,0.855734739,0.844976585,0.294234711,0.070673103,0.178896143,0.271364751,0.851698471,0.854847183,0.848873482,5019.812017
cnn_dailymail,opt-1.3b,grouped beam search,0.401170982,0.18803273,0.299590951,0.377256662,0.875755796,0.879648053,0.872344986,0.394052875,0.182979542,0.280394826,0.36920487,0.874310743,0.879067768,0.87004684,14920.68538
cnn_dailymail,opt-1.3b,beam search,0.358466153,0.139268197,0.253930162,0.33744829,0.874453898,0.889028154,0.860724805,0.358671859,0.137142021,0.247750959,0.335386758,0.872713106,0.886221698,0.859957389,13273.64116
cnn_dailymail,opt-1.3b,beam search top-k sampling,0.399105616,0.175468139,0.282079115,0.373564712,0.872875343,0.868671899,0.877537029,0.393476684,0.17728313,0.27173956,0.368816972,0.873190206,0.869559544,0.877270442,14903.16461
cnn_dailymail,opt-1.3b,beam search multinomial sampling,0.372632438,0.172961791,0.279980312,0.348517877,0.872439115,0.88404474,0.861561714,0.372135066,0.174767426,0.270917467,0.347749656,0.872352856,0.883203639,0.862219236,16001.12039
cnn_dailymail,opt-1.3b,top-p nucleus top-k sampling,0.382055462,0.155149856,0.265316235,0.361855457,0.872184879,0.87612923,0.868688902,0.380031378,0.156245015,0.256233119,0.355996292,0.872533684,0.87569,0.869781414,6901.371284
cnn_dailymail,opt-1.3b,greedy decoding,0.372458535,0.142438258,0.261913905,0.349090523,0.870530009,0.876952783,0.864482699,0.367381337,0.136280279,0.249826982,0.344717846,0.868956745,0.876762215,0.861587513,4794.98508
cnn_dailymail,opt-1.3b,contrastive search,0.364790375,0.134150886,0.250547478,0.343760136,0.867095144,0.869971785,0.86451475,0.359748183,0.127919312,0.240433441,0.336122028,0.866638178,0.870462451,0.863169866,35126.49272
cnn_dailymail,opt-1.3b,multinomial sampling,0.348709771,0.136692345,0.248831745,0.325791133,0.866351895,0.87644051,0.856895543,0.361855554,0.146982239,0.250050897,0.3387655,0.869272667,0.880304517,0.858820826,3522.002496
cnn_dailymail,opt-1.3b,truncation multinomial sampling,0.354257486,0.109279721,0.227384256,0.330384639,0.864988075,0.869924466,0.860445468,0.34618865,0.107627397,0.2221089,0.322199222,0.86502674,0.870162716,0.860270079,6456.298213
cnn_dailymail,opt-1.3b,top-p nucleus multinomial sampling,0.298420295,0.092266121,0.195829293,0.279710323,0.86310402,0.868168963,0.858339965,0.295443057,0.08955998,0.194427079,0.276463964,0.86352173,0.867976744,0.85938883,6162.516094
cnn_dailymail,opt-1.3b,top-k sampling,0.272049953,0.068673114,0.176102273,0.255306465,0.856424071,0.861024385,0.852106638,0.280650668,0.078462904,0.18358767,0.261980139,0.860140429,0.864721575,0.855868496,5424.488643
cnn_dailymail,opt-2.7b,grouped beam search,0.42377523,0.199801423,0.30061079,0.4014946,0.879787027,0.880349816,0.8796137,0.408658772,0.187574142,0.286526882,0.384813554,0.877487018,0.878811753,0.876563011,26836.36778
cnn_dailymail,opt-2.7b,greedy decoding,0.420586121,0.19694196,0.297894117,0.397914598,0.879018157,0.879794615,0.878615058,0.408495756,0.187021868,0.286031654,0.384552137,0.877351539,0.878848299,0.876247834,9498.386838
cnn_dailymail,opt-2.7b,contrastive search,0.418477209,0.19376473,0.294625503,0.393540291,0.878038884,0.878883455,0.877500894,0.408486471,0.186452518,0.286565671,0.384105425,0.877050585,0.879461299,0.875000521,32199.09396
cnn_dailymail,opt-2.7b,beam search top-k sampling,0.425421254,0.200476793,0.29766196,0.402462665,0.877680568,0.87352384,0.882200912,0.405478885,0.18865565,0.283118864,0.379763427,0.875589941,0.871839533,0.87977654,22862.58419
cnn_dailymail,opt-2.7b,top-p nucleus top-k sampling,0.400518001,0.182031209,0.277580459,0.380968152,0.8768301,0.87863835,0.875457675,0.401387123,0.177452486,0.27689179,0.376763119,0.876285755,0.878542568,0.874404335,9597.261436
cnn_dailymail,opt-2.7b,beam search,0.390158517,0.148746663,0.268853752,0.366281439,0.876050635,0.886379755,0.866285475,0.377742868,0.146869259,0.259725406,0.353286623,0.875048337,0.885655937,0.865045182,15244.29593
cnn_dailymail,opt-2.7b,beam search multinomial sampling,0.371594327,0.157338991,0.269941386,0.352333491,0.875952445,0.889788277,0.862823292,0.365446254,0.144290408,0.254342195,0.340948829,0.873970324,0.888427963,0.860324263,26190.17836
cnn_dailymail,opt-2.7b,multinomial sampling,0.379740815,0.129309553,0.247920444,0.350712184,0.870201118,0.874032293,0.866661897,0.368995739,0.131218865,0.24221919,0.344257001,0.86960051,0.873254449,0.866304387,9653.358152
cnn_dailymail,opt-2.7b,top-p nucleus multinomial sampling,0.367244507,0.138561852,0.244711269,0.343513457,0.868401936,0.869480581,0.867711782,0.367446975,0.139958579,0.241991342,0.342299723,0.870644555,0.873593911,0.868070787,9924.384874
cnn_dailymail,opt-2.7b,truncation multinomial sampling,0.366949739,0.11659704,0.238044275,0.341903602,0.866688591,0.870184479,0.863578987,0.361925065,0.118927868,0.234591086,0.336407906,0.867555914,0.871628285,0.863830752,9392.578388
cnn_dailymail,opt-2.7b,top-k sampling,0.315467515,0.083028474,0.197825942,0.292343189,0.858825073,0.861141487,0.856765307,0.329385607,0.093788844,0.207519783,0.303677952,0.86080437,0.863411357,0.858529508,10256.52189
cnn_dailymail,opt-6.7b,grouped beam search,0.431491475,0.204919044,0.309997877,0.405218737,0.88123601,0.881774079,0.881034925,0.414377106,0.193782518,0.292716625,0.390544137,0.87889024,0.880537534,0.877614545,38702.66488
cnn_dailymail,opt-6.7b,beam search top-k sampling,0.431571427,0.205792296,0.302689743,0.405067863,0.880122695,0.872876169,0.887838971,0.408147234,0.190293014,0.284684881,0.382665136,0.876427431,0.872525199,0.880758804,37078.31332
cnn_dailymail,opt-6.7b,beam search,0.393568883,0.162701889,0.277300752,0.371075426,0.877453463,0.88846514,0.86705512,0.378317878,0.148270815,0.260376442,0.353090477,0.875000816,0.88640709,0.864243406,23155.06253
cnn_dailymail,opt-6.7b,contrastive search,0.406101904,0.191405685,0.29892852,0.381498887,0.875331611,0.883486131,0.867754454,0.399919632,0.18486341,0.285618134,0.376727048,0.875688366,0.884102288,0.867760231,19956.50647
cnn_dailymail,opt-6.7b,beam search multinomial sampling,0.382131998,0.141744036,0.262302071,0.35783282,0.875280972,0.883326126,0.867706664,0.383121529,0.144230597,0.256656273,0.357270195,0.875044518,0.881754864,0.868739842,29367.04665
cnn_dailymail,opt-6.7b,greedy decoding,0.401212739,0.165445051,0.280511553,0.380432779,0.874985038,0.878355341,0.871914694,0.390462684,0.15171908,0.266245284,0.36617775,0.873746259,0.878385335,0.869455058,13980.72451
cnn_dailymail,opt-6.7b,top-p nucleus top-k sampling,0.386777952,0.153543414,0.262981673,0.363983394,0.874545041,0.879968307,0.869445915,0.381069675,0.142366242,0.254238432,0.356201326,0.872239703,0.876047871,0.868792319,15934.70379
cnn_dailymail,opt-6.7b,truncation multinomial sampling,0.38640236,0.133667659,0.247184474,0.354510652,0.87014626,0.874862887,0.865787816,0.362422741,0.120909989,0.236748129,0.336896396,0.867940283,0.87191936,0.864317729,14908.7517
cnn_dailymail,opt-6.7b,top-p nucleus multinomial sampling,0.375198541,0.125959576,0.246410178,0.348449402,0.868846343,0.873496666,0.864553682,0.3472619,0.107581853,0.222068724,0.321401061,0.864767316,0.868851912,0.86101986,14694.52373
cnn_dailymail,opt-6.7b,multinomial sampling,0.363636753,0.126159338,0.244076082,0.340734172,0.868780435,0.872675105,0.865300464,0.360708418,0.118274792,0.234771189,0.335245513,0.867542536,0.871469727,0.863970354,14673.74469
cnn_dailymail,opt-6.7b,top-k sampling,0.35004202,0.10761999,0.222154746,0.319744588,0.8633954,0.865627803,0.861506276,0.3278546,0.092676225,0.20520922,0.30151829,0.86063775,0.863087813,0.858528699,15950.91167
cnn_dailymail,opt-13b,contrastive search,0.421948203,0.202891092,0.30322863,0.39833839,0.880405471,0.879105512,0.882099824,0.407512287,0.188600086,0.286244665,0.383173771,0.877094391,0.877113833,0.877501438,66581.633
cnn_dailymail,opt-13b,beam search top-k sampling,0.418388771,0.191324737,0.29879397,0.392160222,0.877727773,0.871894294,0.884043341,0.402369771,0.185955813,0.278369756,0.376935519,0.875301482,0.870359444,0.880727218,67020.88753
cnn_dailymail,opt-13b,beam search,0.414963364,0.199117147,0.303791509,0.390865345,0.876301658,0.879326499,0.873718806,0.403061631,0.191616622,0.28820875,0.377101388,0.875884543,0.879482749,0.872760383,45827.52556
cnn_dailymail,opt-13b,grouped beam search,0.406605678,0.19692421,0.302639845,0.383803873,0.876264655,0.881490049,0.871522832,0.399390035,0.190360038,0.286475074,0.37351481,0.875292883,0.880150286,0.870934566,67497.82498
cnn_dailymail,opt-13b,top-p nucleus top-k sampling,0.398052028,0.170204822,0.276837355,0.371841628,0.875858491,0.8780978,0.874049685,0.39404453,0.169985731,0.267972636,0.369304295,0.874946545,0.877108203,0.873179187,31780.03893
cnn_dailymail,opt-13b,beam search multinomial sampling,0.376350057,0.150645981,0.263449302,0.354410431,0.875532966,0.888448802,0.86329847,0.36537865,0.140828461,0.252007826,0.341071306,0.872820824,0.885515256,0.860872706,40460.31807
cnn_dailymail,opt-13b,greedy decoding,0.388224875,0.149391694,0.273884842,0.369871615,0.873153721,0.875158495,0.871446913,0.386155236,0.148753196,0.261820278,0.361986856,0.872571475,0.876250092,0.86925919,30697.50585
cnn_dailymail,opt-13b,top-p nucleus multinomial sampling,0.369707096,0.138322222,0.241681332,0.341469996,0.869122715,0.877924992,0.86075718,0.355760239,0.136313708,0.240165738,0.33078764,0.86810915,0.876702853,0.859973575,23572.18394
cnn_dailymail,opt-13b,truncation multinomial sampling,0.366795308,0.123452176,0.247001116,0.343925541,0.86767204,0.8723437,0.863408574,0.360319921,0.118470902,0.23428964,0.334941709,0.867197423,0.871099076,0.863661977,30099.08547
cnn_dailymail,opt-13b,top-k sampling,0.358265716,0.118159445,0.238145752,0.334528263,0.865298903,0.868591156,0.862359413,0.356704726,0.115705145,0.230932567,0.330919982,0.866630553,0.870143879,0.863473461,30331.14186
cnn_dailymail,opt-13b,multinomial sampling,0.339016643,0.11959795,0.219581148,0.314203705,0.862861911,0.865118514,0.860895759,0.345460819,0.122392458,0.224656745,0.319850983,0.86509956,0.867754212,0.862798718,30244.68886
cnn_dailymail,opt-30b,grouped beam search,0.432494171,0.209353959,0.31668599,0.409971382,0.881383767,0.881305498,0.881885857,0.413529231,0.195227991,0.293160561,0.388994706,0.878579435,0.88019998,0.877360792,123190.7961
cnn_dailymail,opt-30b,beam search top-k sampling,0.427423855,0.207684783,0.310843813,0.404878219,0.880471619,0.87393296,0.887544824,0.404008734,0.188127331,0.281385207,0.378624013,0.875618101,0.86998494,0.881740115,115191.4175
cnn_dailymail,opt-30b,beam search,0.377874119,0.152067847,0.267239806,0.357645579,0.876807877,0.888891892,0.865436995,0.382710193,0.152151483,0.264012462,0.357826415,0.875291756,0.886122494,0.86509397,71893.30776
cnn_dailymail,opt-30b,contrastive search,0.406644339,0.190517983,0.298677624,0.386633456,0.875522067,0.883387673,0.868117837,0.400719211,0.185948554,0.285750174,0.376837609,0.875187373,0.883090774,0.867754385,65830.04793
cnn_dailymail,opt-30b,greedy decoding,0.394248037,0.154804212,0.276345403,0.371939519,0.873625728,0.876890292,0.870659151,0.391649229,0.153163039,0.266088014,0.367098571,0.873166788,0.8770647,0.869616074,49386.86556
cnn_dailymail,opt-30b,beam search multinomial sampling,0.355843481,0.139809453,0.261028671,0.332667726,0.873535888,0.889719307,0.858288808,0.353332524,0.127484055,0.243784064,0.328563886,0.871679027,0.887226111,0.857013751,114614.9138
cnn_dailymail,opt-30b,top-p nucleus top-k sampling,0.380251622,0.141558581,0.254020755,0.356683158,0.872047669,0.874345861,0.870118376,0.381554036,0.142478746,0.254646981,0.356895474,0.871694981,0.874616303,0.869126405,52642.01861
cnn_dailymail,opt-30b,truncation multinomial sampling,0.386595078,0.13803237,0.257700954,0.357742188,0.871991896,0.873442756,0.87081098,0.364848727,0.121629057,0.237190693,0.339012015,0.867663231,0.870761398,0.864918217,51021.11413
cnn_dailymail,opt-30b,top-p nucleus multinomial sampling,0.352021499,0.118842892,0.232750829,0.330836433,0.865722642,0.870296114,0.861514636,0.347835975,0.107568759,0.222795629,0.321581165,0.864474315,0.868016873,0.86126013,48859.41101
cnn_dailymail,opt-30b,multinomial sampling,0.354122284,0.117086994,0.234213025,0.334214774,0.864844377,0.867681112,0.862318502,0.36373341,0.120351007,0.236774454,0.338171124,0.867641995,0.870644274,0.864979363,50725.86934
cnn_dailymail,opt-30b,top-k sampling,0.330607853,0.098185681,0.215806388,0.306688639,0.861148487,0.863483995,0.859273823,0.329409536,0.09377615,0.206330249,0.303199361,0.860729105,0.862318098,0.859483963,53522.03362
samsum,opt-125m,beam search top-k sampling,0.426710045,0.18040302,0.354935074,0.353364727,0.903204966,0.907991083,0.899048128,0.42366127,0.187958817,0.348981914,0.349156174,0.900779876,0.906743291,0.895386224,134.5316393
samsum,opt-125m,beam search,0.408568656,0.177672219,0.335798232,0.335030436,0.902671894,0.914935315,0.891196467,0.41511631,0.181230437,0.345957762,0.346748374,0.902206271,0.91422002,0.890918794,283.6299381
samsum,opt-125m,grouped beam search,0.400765855,0.170902656,0.322721605,0.322852657,0.901062447,0.913248313,0.889643956,0.410731053,0.174302451,0.340124837,0.340779041,0.901314891,0.914031431,0.889352354,380.2967436
samsum,opt-125m,beam search multinomial sampling,0.373841986,0.157565764,0.316108753,0.316449176,0.900598625,0.915344767,0.886773117,0.396243916,0.167121346,0.332086937,0.332369968,0.900011374,0.915310705,0.885621203,489.7935357
samsum,opt-125m,contrastive search,0.383527667,0.142389067,0.307326929,0.307071125,0.898150561,0.905026589,0.891839607,0.415329462,0.175615627,0.338459232,0.33872665,0.899814968,0.908515727,0.891714918,148.798681
samsum,opt-125m,greedy decoding,0.373417998,0.145448375,0.306609998,0.306450166,0.897846472,0.90478508,0.891572751,0.412432037,0.175345577,0.338484766,0.338983449,0.898749307,0.906657861,0.891409477,40.5084157
samsum,opt-125m,multinomial sampling,0.376370531,0.128337705,0.298785635,0.299646963,0.895879653,0.900825017,0.891502407,0.398751637,0.15515503,0.316044947,0.316801641,0.895445315,0.901466498,0.889937032,44.94545102
samsum,opt-125m,top-p nucleus top-k sampling,0.383738338,0.142101144,0.31182281,0.311549527,0.894879205,0.899801264,0.89045678,0.396066677,0.152403337,0.314864157,0.315128716,0.895515191,0.9015251,0.890007864,110.8584459
samsum,opt-125m,truncation multinomial sampling,0.365141985,0.118494791,0.280160079,0.279197753,0.89430753,0.895708413,0.893490807,0.367158813,0.126673362,0.285785866,0.286052644,0.890424144,0.893731644,0.887565567,52.28600717
samsum,opt-125m,top-p nucleus multinomial sampling,0.346561781,0.100105515,0.258079574,0.258506939,0.886479197,0.888406464,0.884847347,0.352733125,0.113794742,0.268160846,0.268128515,0.885891827,0.888805858,0.883433061,123.0504711
samsum,opt-125m,top-k sampling,0.330682574,0.089731954,0.239308181,0.239655728,0.88493491,0.883773021,0.886559249,0.349135237,0.105212246,0.262257424,0.26311577,0.885033652,0.885494675,0.884949193,132.0359433
samsum,opt-350m,beam search,0.44284991,0.215552206,0.378556382,0.379203773,0.908580288,0.918061501,0.899739718,0.461012094,0.226325986,0.388005445,0.38827759,0.909724411,0.919909466,0.900237656,435.5948355
samsum,opt-350m,beam search top-k sampling,0.458361526,0.215231683,0.385695111,0.386330301,0.907069938,0.909274762,0.905323731,0.459473374,0.211973779,0.374159202,0.374429218,0.907445124,0.909422734,0.905975262,409.8293631
samsum,opt-350m,grouped beam search,0.421638043,0.18701612,0.35394644,0.354383621,0.905930986,0.916239186,0.896237135,0.446561821,0.199482664,0.367890343,0.368193626,0.906614042,0.917225381,0.89665148,626.3239517
samsum,opt-350m,beam search multinomial sampling,0.402059004,0.1799869,0.347204357,0.347200563,0.904063549,0.915498531,0.893289303,0.432017534,0.192322159,0.358461084,0.358061281,0.906141278,0.918347354,0.894665222,817.1959996
samsum,opt-350m,greedy decoding,0.428283372,0.183867782,0.355305876,0.354575568,0.902458376,0.906858266,0.89862949,0.436365535,0.188711149,0.356898984,0.356797043,0.904009523,0.909847088,0.898704279,209.4077144
samsum,opt-350m,contrastive search,0.422340393,0.175162858,0.347040697,0.346234699,0.901868663,0.905369957,0.89893481,0.440933672,0.19023291,0.359112921,0.359091447,0.904130336,0.909164749,0.89960949,911.3087964
samsum,opt-350m,multinomial sampling,0.411620951,0.158597836,0.331125712,0.331016315,0.900730647,0.904516055,0.897410032,0.425327786,0.176013727,0.342731214,0.342831782,0.901685611,0.905691493,0.898182173,162.8892834
samsum,opt-350m,top-p nucleus top-k sampling,0.408194772,0.149586707,0.321507275,0.320754115,0.899903187,0.902947318,0.897354133,0.426240454,0.174557046,0.340657738,0.340273752,0.901644431,0.90564574,0.898163147,186.0430107
samsum,opt-350m,truncation multinomial sampling,0.379302994,0.125508517,0.291337396,0.290874721,0.894209841,0.896131788,0.89273351,0.402680407,0.157697213,0.318872262,0.318925825,0.897445724,0.900647277,0.894711946,238.3781126
samsum,opt-350m,top-p nucleus multinomial sampling,0.382479059,0.120729017,0.285615248,0.286320222,0.894161321,0.895048409,0.893740491,0.403228932,0.150585683,0.313704761,0.313736082,0.897348801,0.899665863,0.895485935,189.3328798
samsum,opt-350m,top-k sampling,0.368347966,0.114263876,0.27680285,0.276978479,0.892294926,0.893134444,0.891816029,0.366772398,0.12671319,0.281776529,0.28188709,0.889135237,0.889112229,0.889552624,268.0511212
samsum,opt-1.3b,grouped beam search,0.492520714,0.254756091,0.41767335,0.41865106,0.915926456,0.924038293,0.908442437,0.486605683,0.253960182,0.415683676,0.415233042,0.915156573,0.924648518,0.906363521,678.0058489
samsum,opt-1.3b,beam search,0.482893541,0.243475896,0.408467979,0.408550281,0.91433304,0.921284348,0.907984513,0.494735497,0.25860099,0.420052444,0.419792423,0.915615086,0.922849603,0.909034481,419.849308
samsum,opt-1.3b,beam search top-k sampling,0.487420221,0.245235541,0.405017889,0.405942363,0.913092817,0.914460203,0.91228022,0.493358267,0.244471387,0.406876502,0.406817891,0.91411588,0.915682689,0.913083156,623.6017008
samsum,opt-1.3b,contrastive search,0.485082182,0.240800509,0.402830395,0.405505661,0.912646871,0.915917467,0.909902645,0.483848416,0.242483141,0.406587891,0.406381907,0.912983135,0.918801711,0.907736771,537.5822985
samsum,opt-1.3b,beam search multinomial sampling,0.462873395,0.237101429,0.395677098,0.397533443,0.912019057,0.923270537,0.901535326,0.475624869,0.24570488,0.405967059,0.405785754,0.913765179,0.924262225,0.904013723,919.3940101
samsum,opt-1.3b,greedy decoding,0.447106552,0.200111019,0.372892053,0.374215792,0.906192735,0.908612015,0.904269677,0.453013262,0.211285615,0.372474966,0.372566906,0.906936251,0.911518552,0.902838755,290.7377267
samsum,opt-1.3b,top-p nucleus top-k sampling,0.440183592,0.190796442,0.36451816,0.365174278,0.90515245,0.905957765,0.904838505,0.442964034,0.183535517,0.35313707,0.352929102,0.905778366,0.908613258,0.903430373,351.1164255
samsum,opt-1.3b,top-p nucleus multinomial sampling,0.40643712,0.158255178,0.322856762,0.323261428,0.900917325,0.901449815,0.900915063,0.432739063,0.178429276,0.350312115,0.350448249,0.904541065,0.907265237,0.902272255,294.8076196
samsum,opt-1.3b,multinomial sampling,0.418924174,0.172876452,0.329982404,0.330588973,0.899527678,0.900451738,0.899144856,0.426966756,0.178063509,0.342478393,0.342346228,0.902498649,0.905848426,0.899588358,314.0895655
samsum,opt-1.3b,truncation multinomial sampling,0.403805415,0.159974364,0.318028059,0.319082256,0.899252332,0.898412604,0.900590329,0.406419114,0.158831804,0.317981815,0.318190252,0.898715604,0.899953151,0.897935792,351.5308423
samsum,opt-1.3b,top-k sampling,0.34769033,0.097908365,0.26431771,0.264702768,0.894615892,0.888612964,0.901122162,0.364483982,0.124725483,0.275433104,0.275524671,0.894589661,0.890698968,0.898967064,324.0220296
samsum,opt-2.7b,beam search top-k sampling,0.50567513,0.266564753,0.424725927,0.425040416,0.916266319,0.919790247,0.913366823,0.511300096,0.271655022,0.430950016,0.430384324,0.917582551,0.921517427,0.914237265,1610.057095
samsum,opt-2.7b,beam search,0.49042408,0.262309417,0.413716253,0.415260071,0.914887024,0.922343031,0.908041473,0.505050048,0.270253478,0.427956261,0.427101292,0.917424251,0.925133354,0.91035516,1527.350662
samsum,opt-2.7b,grouped beam search,0.486758763,0.24618106,0.403163468,0.403256916,0.914107479,0.920921878,0.907888177,0.495283158,0.24546415,0.412496686,0.41192863,0.91613846,0.924045553,0.908833128,1368.965518
samsum,opt-2.7b,beam search multinomial sampling,0.489693325,0.233751541,0.400298021,0.399898187,0.912824912,0.913912264,0.912340021,0.493924493,0.242764169,0.408413856,0.408085357,0.9156321,0.918799416,0.912956826,1119.251331
samsum,opt-2.7b,contrastive search,0.493430552,0.241942545,0.404361043,0.40484166,0.911781608,0.912586278,0.911422533,0.499397135,0.256606162,0.418650729,0.417668005,0.915458171,0.919011776,0.912408714,793.3082461
samsum,opt-2.7b,greedy decoding,0.481330016,0.228359828,0.395104617,0.395599225,0.910140701,0.910612866,0.910136447,0.490781161,0.241589795,0.406221092,0.40557833,0.913888429,0.91750563,0.910766107,474.7585495
samsum,opt-2.7b,top-p nucleus top-k sampling,0.47714947,0.228391728,0.397236556,0.398113415,0.909321212,0.908508834,0.910690448,0.484445136,0.236595321,0.398531637,0.397975361,0.91356411,0.916193595,0.911448927,459.9015503
samsum,opt-2.7b,multinomial sampling,0.437602088,0.196062234,0.353195029,0.353439485,0.905346592,0.907159126,0.904141247,0.462290205,0.206725691,0.375621412,0.375518116,0.90989575,0.911715369,0.908574364,505.9423928
samsum,opt-2.7b,truncation multinomial sampling,0.441723343,0.186589659,0.336224929,0.337781161,0.903669196,0.902334695,0.905470256,0.438263561,0.187514442,0.347594806,0.34707379,0.904489732,0.905371181,0.904061766,532.6581047
samsum,opt-2.7b,top-p nucleus multinomial sampling,0.414919828,0.163514889,0.315390423,0.315882377,0.90106362,0.901026164,0.901607262,0.425485805,0.170066644,0.332483266,0.332158956,0.901888801,0.902126164,0.902118818,529.1517138
samsum,opt-2.7b,top-k sampling,0.402204499,0.134198789,0.30167478,0.302742367,0.895967578,0.893672322,0.898662955,0.399845829,0.14826912,0.308547829,0.3080365,0.897552027,0.896289572,0.899255028,565.1171358
samsum,opt-6.7b,beam search,0.51187823,0.26568246,0.4365989,0.435845341,0.918091955,0.924486472,0.912294702,0.510092319,0.289615598,0.441539843,0.441756925,0.918878271,0.92728806,0.911138126,1691.44052
samsum,opt-6.7b,contrastive search,0.518922143,0.267689724,0.433488708,0.433767719,0.917876993,0.919340591,0.916843146,0.505956137,0.268700635,0.427098616,0.426461569,0.91692844,0.921651436,0.91276956,1099.29741
samsum,opt-6.7b,beam search multinomial sampling,0.504345869,0.262973528,0.42808689,0.429436508,0.917021674,0.92377689,0.910938287,0.504790565,0.27897266,0.434694004,0.434941305,0.917211211,0.92516528,0.909926889,1735.364969
samsum,opt-6.7b,grouped beam search,0.501188709,0.25720909,0.42629188,0.425934893,0.916974025,0.923260429,0.911258943,0.504013518,0.274475306,0.43270046,0.432576428,0.917353949,0.926256791,0.909118312,1623.523961
samsum,opt-6.7b,beam search top-k sampling,0.504493959,0.265480086,0.4270911,0.427603507,0.916950957,0.921041183,0.913395573,0.509959051,0.275228037,0.432960645,0.432686868,0.917692659,0.923402407,0.912568787,1038.438592
samsum,opt-6.7b,greedy decoding,0.511851239,0.262178197,0.426038975,0.426594568,0.916351939,0.917653369,0.915512443,0.506351078,0.271225307,0.428940487,0.428401248,0.916950781,0.921648417,0.912813929,586.936568
samsum,opt-6.7b,top-p nucleus multinomial sampling,0.478796509,0.228879526,0.395326545,0.393216446,0.911699294,0.911485607,0.912402001,0.483533305,0.237572558,0.399763763,0.399721082,0.912821274,0.915963079,0.910195793,657.2785051
samsum,opt-6.7b,top-p nucleus top-k sampling,0.467835247,0.23562906,0.393648417,0.393535471,0.91057027,0.911804272,0.909861924,0.49264716,0.251699319,0.410864514,0.410558957,0.915273584,0.918747712,0.912326453,645.7723734
samsum,opt-6.7b,truncation multinomial sampling,0.451058851,0.190969969,0.369114803,0.368055709,0.908580175,0.908766069,0.908953481,0.473942218,0.228572439,0.388711878,0.387988053,0.911650996,0.915344575,0.908508122,634.5075002
samsum,opt-6.7b,multinomial sampling,0.453212648,0.206386512,0.36651807,0.365555967,0.907256564,0.905742861,0.909301854,0.454952645,0.203277587,0.367959319,0.367683456,0.908840169,0.910935667,0.907305379,647.6328871
samsum,opt-6.7b,top-k sampling,0.415578813,0.168526407,0.330437916,0.329593179,0.901287227,0.899655113,0.903387407,0.424118538,0.172730203,0.337073291,0.336860168,0.902507846,0.903333448,0.902139763,712.2527399
samsum,opt-13b,beam search top-k sampling,0.502575806,0.260592295,0.414723092,0.415483238,0.916045683,0.91536006,0.917146614,0.506357782,0.264065344,0.420870078,0.420388372,0.916413991,0.917332448,0.916044975,2413.925234
samsum,opt-13b,beam search,0.486961884,0.255944881,0.421413942,0.422322251,0.914704236,0.920400445,0.909556591,0.503619023,0.276439658,0.430247091,0.429971499,0.917522064,0.925750524,0.909956182,2510.274179
samsum,opt-13b,beam search multinomial sampling,0.481365483,0.240784915,0.412800298,0.411683229,0.913673573,0.923746743,0.904237877,0.494043703,0.262941265,0.420374429,0.419990886,0.915798564,0.92503104,0.907267348,2676.083175
samsum,opt-13b,grouped beam search,0.470103417,0.247786405,0.411626905,0.410044558,0.913011884,0.918232049,0.908298772,0.49788465,0.268274833,0.42321093,0.423266389,0.915920722,0.922377762,0.910075865,2574.470917
samsum,opt-13b,contrastive search,0.464909081,0.231172918,0.397918663,0.395955842,0.911312894,0.914466759,0.908648938,0.501052798,0.261626261,0.420668034,0.420488492,0.915681255,0.920724228,0.911196252,1792.239829
samsum,opt-13b,greedy decoding,0.462431639,0.226969347,0.398928176,0.39694119,0.911113403,0.914531518,0.908223828,0.490610771,0.243461603,0.40822687,0.408277272,0.913611276,0.918797925,0.908966803,1095.27624
samsum,opt-13b,top-p nucleus multinomial sampling,0.457775747,0.220273921,0.376531631,0.375781047,0.909005994,0.911082138,0.907378514,0.478350268,0.233294622,0.392409627,0.392400449,0.912149872,0.915455502,0.909355636,1135.85575
samsum,opt-13b,top-p nucleus top-k sampling,0.435794539,0.199196443,0.364356253,0.364236603,0.907968581,0.91114978,0.90531719,0.457994015,0.201080623,0.364313343,0.364041006,0.90882882,0.911161912,0.906976338,1184.729408
samsum,opt-13b,truncation multinomial sampling,0.445200263,0.18491158,0.360633118,0.359691648,0.904616833,0.904463304,0.90518353,0.444414034,0.197852194,0.360599422,0.360284589,0.905143815,0.908237931,0.902535655,1165.234139
samsum,opt-13b,multinomial sampling,0.430110635,0.190560192,0.354354995,0.353089377,0.903289746,0.903573163,0.903553225,0.460356609,0.212455495,0.376564844,0.376749912,0.908939513,0.912131311,0.906227478,1169.408553
samsum,opt-13b,top-k sampling,0.381064292,0.131728187,0.296931684,0.298507223,0.894580989,0.891909136,0.89765817,0.3910123,0.144899556,0.302900811,0.302953808,0.896146147,0.896259068,0.896484921,1262.566727
samsum,opt-30b,beam search multinomial sampling,0.497507741,0.262549382,0.428855035,0.427408846,0.91671912,0.922718392,0.91128725,0.484338222,0.250916176,0.410485643,0.410556991,0.914214543,0.922729399,0.906354012,4708.941593
samsum,opt-30b,beam search,0.490637026,0.259717863,0.416547334,0.417674646,0.915147061,0.919422448,0.911517836,0.488097517,0.259745219,0.415374186,0.415821564,0.913990489,0.920214045,0.908422084,3178.247952
samsum,opt-30b,grouped beam search,0.489769669,0.259552815,0.415764667,0.416642229,0.914867835,0.919219869,0.911164388,0.487584647,0.258522263,0.414893338,0.415374251,0.914057722,0.920424971,0.908337543,4532.97899
samsum,opt-30b,beam search top-k sampling,0.50548381,0.27115894,0.433085077,0.43224342,0.914554116,0.913182394,0.916515676,0.495263625,0.255411814,0.414001845,0.414052957,0.914266574,0.915944694,0.913175711,4385.986318
samsum,opt-30b,contrastive search,0.499231419,0.254655537,0.419455554,0.418603425,0.914093319,0.915299202,0.913473371,0.47811795,0.230886231,0.392850448,0.393062272,0.911085681,0.915124234,0.907606446,7291.172905
samsum,opt-30b,greedy decoding,0.482863177,0.246053671,0.415313233,0.414937547,0.912677689,0.91425474,0.911684334,0.47967599,0.236420983,0.397406775,0.397587812,0.911557337,0.915629245,0.908042208,1989.959305
samsum,opt-30b,top-p nucleus top-k sampling,0.478417703,0.219040293,0.383381501,0.381846284,0.91056593,0.911742355,0.910007424,0.46630335,0.216283403,0.378260644,0.378262368,0.909358193,0.913273252,0.90596572,2009.589795
samsum,opt-30b,truncation multinomial sampling,0.456893079,0.219702011,0.38289123,0.384008969,0.90968335,0.911707277,0.908115608,0.469893831,0.219112528,0.381581492,0.381838754,0.910562749,0.914333899,0.907305913,1982.421301
samsum,opt-30b,top-p nucleus multinomial sampling,0.458210873,0.21417026,0.373280152,0.371538308,0.907410558,0.909684982,0.905627766,0.458358163,0.204170169,0.369056665,0.369721368,0.908131398,0.911499407,0.905307545,2011.009706
samsum,opt-30b,multinomial sampling,0.450765299,0.196473287,0.358647468,0.359330498,0.906084836,0.90550131,0.907118991,0.451891869,0.195452742,0.36232784,0.362630968,0.90704831,0.910256145,0.904348858,2023.842664
samsum,opt-30b,top-k sampling,0.436601126,0.179923686,0.352085609,0.351437911,0.902568712,0.901950007,0.903646274,0.429751584,0.182170945,0.34088483,0.340860849,0.902121742,0.904524556,0.900196461,2050.377388